Name,Owner,Description,GitHub URL,Repository Size,Number of stars,Number of forks,Number of open issues,List of topics,License,has_readme,has_contributing,has_code_of_conduct,has_pr_template,has_issue_template,has_newcomer_labels,found_newcomer_labels,contributors_count,commits_count,first_contributor_date,first_commit_files_changed,first_commit_additions,first_commit_deletions,first_commit_language,owner_type,size,subscribers_count,watchers_count,languages,Number of pull requests open,Number of pull requests merged,Number of pull requests closed,Number of issues open,Number of issues closed,Average time to close a pull request (days),Average time to close an issue (days),Average number of commits per month,Average number of newcomers per month,Average number of forks per month,Average number of stars per month,Size of README (KB),Size of CONTRIBUTING (KB),Size of CODE_OF_CONDUCT (KB),Repository age (months),full_name,distros_present,exclusion_reasons
crazyswarm2,IMRCLab,A Large Quadcopter Swarm,https://github.com/IMRCLab/crazyswarm2,64396,204,108,52,,MIT,True,False,False,False,False,True,good first issue,30,1309,2016-06-28T20:23:02Z,4,11,0,docs,Organization,64396,6,204,Python;C++;Makefile;CMake,3,212,235,49,216,8.36,92.45,25.17,0.58,2.08,3.92,1.36,0.0,0.0,52,IMRCLab/crazyswarm2,humble|jazzy,is_fork
point_cloud_transport_plugins,ros-perception,Transport plugins for point_cloud_transport.,https://github.com/ros-perception/point_cloud_transport_plugins,462,7,5,4,,BSD-3-Clause,True,True,False,False,False,True,good first issue,9,100,2019-07-29T12:03:50Z,40,4386,0,code,Organization,462,1,7,C++;CMake,2,65,70,2,0,3.55,,3.03,0.27,0.15,0.21,4.88,0.16,0.0,33,ros-perception/point_cloud_transport_plugins,humble|jazzy|kilted,is_fork
gazebo_ros_pkgs,ros-simulation,"Wrappers, tools and additional API's for using ROS with Gazebo",https://github.com/ros-simulation/gazebo_ros_pkgs,6829,849,786,391,,,True,True,False,False,False,True,good-first-issue,82,1010,2013-02-18T06:38:06Z,15,324,0,code,Organization,6829,44,849,C++;Python;CMake;Shell;Batchfile,96,686,848,295,327,110.05,208.57,6.56,0.67,5.1,5.51,1.25,1.52,0.0,154,ros-simulation/gazebo_ros_pkgs,humble,archived
microstrain_inertial,LORD-MicroStrain,ROS driver for all of MicroStrain's current G and C series products. To learn more visit,https://github.com/LORD-MicroStrain/microstrain_inertial,6133,130,98,29,imu;inertial-navigation-systems;inertial-sensors;ins;microstrain;mip;robotics;ros;ros-noetic;ros2-foxy;ros2-humble;ros2-rolling;slam;slam-algorithms,,True,False,False,False,False,True,good first issue,24,487,2016-12-19T00:17:46Z,1,29,0,config,Organization,6133,8,130,CMake;Makefile;C++;Python;Shell,4,156,166,25,199,9.54,84.79,6.67,0.48,1.34,1.78,11.55,0.0,0.0,73,LORD-MicroStrain/microstrain_inertial,humble|jazzy|kilted,is_fork
NavMap,EasyNavigation,,https://github.com/EasyNavigation/NavMap,13290,98,10,1,,Apache-2.0,True,False,False,False,False,True,good first issue,3,116,2025-09-14T06:56:37Z,1,33,0,docs,Organization,13290,1,98,C++;CMake;Python,0,17,18,1,1,0.65,125.77,19.33,0.5,1.67,16.33,9.81,0.0,0.0,6,EasyNavigation/NavMap,jazzy|kilted,created_recently_6mo
gps_umd,swri-robotics,,https://github.com/swri-robotics/gps_umd,231,103,100,11,,BSD-3-Clause,True,False,False,False,False,False,,20,146,2010-05-21T23:40:41Z,8,185,0,config,Organization,231,5,103,C++;Python;CMake,1,59,75,10,29,55.91,270.55,1.29,0.21,0.88,0.91,4.78,0.0,0.0,113,swri-robotics/gps_umd,humble|jazzy|kilted,is_fork
leo_examples-ros2,LeoRover,A collection of ROS packages that show example usage of functionalities on stock Leo Rover.,https://github.com/LeoRover/leo_examples-ros2,11290,0,0,0,,MIT,True,False,False,False,False,True,good first issue,2,9,2025-10-14T14:11:07Z,1,2,0,docs,Organization,11290,0,0,Python;Jupyter Notebook;CMake,0,5,5,0,0,14.63,,1.8,0.4,0.0,0.0,0.11,0.0,0.0,5,LeoRover/leo_examples-ros2,jazzy|kilted,created_recently_6mo
cartographer_ros,ros2,Provides ROS integration for Cartographer.,https://github.com/ros2/cartographer_ros,4834,197,87,25,,Apache-2.0,True,True,False,True,True,True,good first issue,49,691,2016-08-03T10:45:08Z,41,3412,0,code,Organization,4834,12,197,C++;Python;Lua;CMake;Shell;GLSL,5,34,45,20,14,50.9,65.8,6.4,0.52,0.81,1.82,2.28,2.05,0.0,108,ros2/cartographer_ros,humble|jazzy|kilted,is_fork
ros2_eventdispatch,cyan-at,discrete-time synchronization: ros2 src repo,https://github.com/cyan-at/ros2_eventdispatch,63,0,0,0,,Apache-2.0,True,False,False,False,False,True,good first issue,1,18,2025-10-30T05:36:49Z,1,201,0,other,User,63,0,0,Python;Shell;CMake,0,0,0,0,0,,,3.6,0.4,0.0,0.0,1.88,0.0,0.0,5,cyan-at/ros2_eventdispatch,jazzy,created_recently_6mo
ament_black,botsandus,Python auto formatting tool ament package. Release repository: https://github.com/ros2-gbp/ament_black-release,https://github.com/botsandus/ament_black,66,1,1,2,,Apache-2.0,False,True,False,False,False,True,good first issue,7,63,2020-03-23T21:06:12Z,14,646,0,code,Organization,66,1,1,Python;CMake,0,10,10,2,4,13.61,24.91,2.17,0.24,0.03,0.03,0.0,0.89,0.0,29,botsandus/ament_black,humble|jazzy|kilted,is_fork
fadecandy_ros,eurogroep,ROS Driver for the fandecandy LED driver board,https://github.com/eurogroep/fadecandy_ros,103,0,0,0,,Apache-2.0,True,False,False,False,False,True,good first issue,5,61,2019-10-25T01:56:46Z,11,266,0,code,Organization,103,0,0,C++;CMake;Python,0,2,4,0,0,7.06,,0.86,0.08,0.0,0.0,0.2,0.0,0.0,71,eurogroep/fadecandy_ros,humble|jazzy,is_fork
gazebo_ros2_control,ros-simulation,"Wrappers, tools and additional API's for using ros2_control with Gazebo Classic",https://github.com/ros-controls/gazebo_ros2_control,1927,247,133,34,gazebo;gazebo-classic;ros;ros2,Apache-2.0,True,False,False,False,True,True,good first issue,36,209,2020-05-28T08:06:16Z,1,1,0,docs,Organization,1927,21,247,C++;Python;CMake;Dockerfile;Shell,2,275,288,32,91,18.57,79.49,2.99,0.54,1.9,3.53,2.3,0.0,0.0,70,ros-controls/gazebo_ros2_control,humble,archived
googletest,ament,Google Test,https://github.com/ament/googletest,12567,3,10,4,,BSD-3-Clause,True,True,False,False,False,True,good first issue,390,4321,2008-07-03T22:38:12Z,78,25998,0,code,Organization,12567,7,3,C++;Python;C;Starlark;CMake;Shell;Batchfile,2,24,33,2,3,41.81,50.79,41.95,4.5,0.1,0.03,5.68,5.55,0.0,103,ament/googletest,humble|jazzy|kilted,is_fork
urdf,ros2,Repository for URDF parsing code,https://github.com/ros2/urdf,3460,13,9,3,,BSD-3-Clause,True,False,False,False,False,True,good first issue,52,848,2009-09-04T23:10:08Z,109,50909,0,code,Organization,3460,8,13,C++;C;Python;CMake,0,39,44,3,6,17.75,277.61,8.48,0.77,0.09,0.13,0.43,0.0,0.0,100,ros2/urdf,humble|jazzy|kilted,is_fork
beckhoff_ads_driver-release,b-robotized,Release repository for beckhoff_ads_driver package,https://github.com/b-robotized/beckhoff_ads_driver-release,1248,0,0,0,,,True,False,False,False,False,True,good first issue,1,17,2025-10-16T08:16:06Z,1,1,0,config,Organization,1248,0,0,,0,0,0,0,0,,,2.83,0.17,0.0,0.0,2.93,0.0,0.0,6,b-robotized/beckhoff_ads_driver-release,jazzy|kilted,created_recently_6mo;no_programming_languages
gazebo_ros_pkgs-release,ros2-gbp,,https://github.com/ros2-gbp/gazebo_ros_pkgs-release,4286,0,6,0,,,True,False,False,False,False,True,good first issue,7,125,2018-11-21T21:18:12Z,1,1,0,docs,Organization,4286,6,0,,0,3,3,0,0,1.6,,1.42,0.08,0.07,0.0,25.35,0.0,0.0,88,ros2-gbp/gazebo_ros_pkgs-release,jazzy,no_programming_languages
rdl-release,jlack1987,Release repository for rdl,https://github.com/jlack1987/rdl-release,421,0,0,0,,,True,False,False,False,False,True,good first issue,1,1,2025-09-20T19:03:49Z,1,1,0,docs,User,421,0,0,,0,0,0,0,0,,,0.17,0.17,0.0,0.0,0.0,0.0,0.0,6,jlack1987/rdl-release,jazzy,archived;created_recently_6mo;no_programming_languages
spatio_temporal_voxel_layer-release,SteveMacenski,Release repository for the Spatio Temporal Voxel Layer,https://github.com/SteveMacenski/spatio_temporal_voxel_layer-release,709,2,3,0,,LGPL-2.1,True,False,False,False,False,True,good first issue,2,82,2018-06-27T22:48:49Z,2,506,0,docs,User,709,1,2,,0,0,0,0,0,,,0.88,0.02,0.03,0.02,19.57,0.0,0.0,93,SteveMacenski/spatio_temporal_voxel_layer-release,kilted,no_programming_languages
avt_vimba_camera,astuff,ROS1/2 Driver for AVT cameras using VIMBA SDK.,https://github.com/astuff/avt_vimba_camera,4288,22,45,19,camera;driver;ros;ros2,Other,True,False,False,False,False,False,,16,183,2014-02-19T07:52:01Z,2,217,0,config,Organization,4288,4,22,C++;C;Python;CMake,1,42,46,18,65,15.74,93.35,2.32,0.27,0.57,0.28,6.39,0.0,0.0,79,astuff/avt_vimba_camera,humble|jazzy|kilted,is_fork
bob_llm,bob-ros2,"This ROS 2 package provides a highly flexible node that acts as an interface to Large Language Models (LLMs). The bob_llm node connects to any OpenAI-compatible API, manages conversational history, and exposes a powerful, dynamically-loadable tool system that allows the LLM to interact with a robot's functions.",https://github.com/bob-ros2/bob_llm,233,0,0,0,,Apache-2.0,True,True,False,False,False,True,good first issue,1,47,2025-11-03T00:04:23Z,12,1234,0,code,User,233,0,0,Python;Shell;CMake,0,0,0,0,0,,,11.75,0.25,0.0,0.0,15.8,0.62,0.0,4,bob-ros2/bob_llm,humble,created_recently_6mo
cartographer,ros2,Cartographer is a system that provides real-time simultaneous localization and mapping (SLAM) in 2D and 3D across multiple platforms and sensor configurations.,https://github.com/ros2/cartographer,5956,133,43,5,,Apache-2.0,True,True,False,True,False,True,good first issue,49,1188,2016-08-02T07:07:31Z,290,30436,0,code,Organization,5956,13,133,C++;CMake;Starlark;Shell;Lua;Python;XSLT;Batchfile;C,0,11,14,5,10,42.48,289.43,11.31,0.51,0.41,1.27,6.15,2.07,0.0,105,ros2/cartographer,humble|jazzy|kilted,is_fork
clearpath_mecanum_drive_controller-release,clearpath-gbp,,https://github.com/clearpath-gbp/clearpath_mecanum_drive_controller-release,57,0,1,0,,,True,False,False,False,False,True,good first issue,1,1,2024-08-13T16:06:53Z,1,1,0,docs,Organization,57,3,0,,0,0,0,0,0,,,0.05,0.05,0.05,0.0,0.04,0.0,0.0,19,clearpath-gbp/clearpath_mecanum_drive_controller-release,humble,no_programming_languages
crx_kinematics,danielcranston,Forward and Inverse Kinematics for Fanuc CRX series cobots.,https://github.com/danielcranston/crx_kinematics,4218,4,1,0,,MIT,True,False,False,False,False,True,good first issue,1,66,2025-11-05T13:52:39Z,1,438,0,code,User,4218,1,4,C++;Python;CMake,0,0,0,0,0,,,16.5,0.25,0.25,1.0,3.79,0.0,0.0,4,danielcranston/crx_kinematics,humble|jazzy|kilted,created_recently_6mo
digestible,tier4,A modern C++ implementation of a merging t-digest data structure.,https://github.com/tier4/digestible,636,0,0,0,,Apache-2.0,True,False,False,False,False,True,good first issue,6,26,2019-08-28T00:14:02Z,2,202,0,docs,Organization,636,0,0,C++;CMake,0,1,1,0,0,0.0,,2.89,0.67,0.0,0.0,2.74,0.0,0.0,9,tier4/digestible,humble,is_fork
event_image_reconstruction_fibar,ros-event-camera,ROS2 package for event image reconstruction using the FIBAR library,https://github.com/ros-event-camera/event_image_reconstruction_fibar,2218,0,0,0,,Apache-2.0,True,True,False,False,False,True,good first issue,1,15,2025-10-01T15:17:03Z,15,1446,0,code,Organization,2218,0,0,C++;Python;CMake,0,3,4,0,1,2.93,14.33,3.0,0.2,0.0,0.0,17.35,0.89,0.0,5,ros-event-camera/event_image_reconstruction_fibar,humble|jazzy|kilted,created_recently_6mo
fibar_lib,ros-event-camera,plain cmake package for event image reconstruction using FIBAR,https://github.com/ros-event-camera/fibar_lib,24,0,0,0,,Apache-2.0,True,False,False,False,False,True,good first issue,1,6,2025-11-03T18:23:40Z,13,1042,0,code,Organization,24,0,0,C++;CMake,0,2,2,0,0,0.04,,1.5,0.25,0.0,0.0,1.19,0.0,0.0,4,ros-event-camera/fibar_lib,humble|jazzy|kilted,created_recently_6mo
greenwave_monitor,NVIDIA-ISAAC-ROS,ROS 2 Topic Monitoring,https://github.com/NVIDIA-ISAAC-ROS/greenwave_monitor,4340,211,13,7,,Apache-2.0,True,False,False,False,False,True,good first issue,2,20,2025-09-24T03:17:27Z,37,4273,0,code,Organization,4340,2,211,Python;C++;Shell;CMake,4,18,21,3,3,2.77,54.55,3.33,0.33,2.17,35.17,3.73,0.0,0.0,6,NVIDIA-ISAAC-ROS/greenwave_monitor,humble|jazzy|kilted,created_recently_6mo
hitch-estimation-apriltag-array,li9i,Estimate the angle between a mobile base and its hitched trailer via April tag pose estimation,https://github.com/li9i/hitch-estimation-apriltag-array,1780,0,1,0,apriltag;hitch;ros2-humble,BSD-3-Clause,True,False,False,False,False,True,good first issue,1,8,2025-11-25T21:29:27Z,18,714,0,config,User,1780,0,0,Python;CMake,0,0,0,0,0,,,2.0,0.25,0.25,0.0,1.73,0.0,0.0,4,li9i/hitch-estimation-apriltag-array,humble|jazzy,created_recently_6mo
imu_calib,Nathan85001,ROS package for computing and applying IMU calibration parameters,https://github.com/Nathan85001/imu_calib,52,9,1,0,,BSD-3-Clause,True,False,False,False,False,True,good first issue,1,16,2015-11-07T00:46:00Z,6,373,0,code,User,52,0,9,C++;CMake,0,0,0,0,0,,,2.0,0.12,0.12,1.12,2.61,0.0,0.0,8,Nathan85001/imu_calib,humble,is_fork
marvelmind_ros2_msgs_release,MarvelmindRobotics,Marvelmind ROS2 messages,https://github.com/MarvelmindRobotics/marvelmind_ros2_msgs_release,23,0,1,0,,,True,False,False,False,False,True,good first issue,1,1,2022-07-10T21:18:56Z,1,2,0,docs,Organization,23,0,0,,0,0,0,0,0,,,0.02,0.02,0.02,0.0,0.05,0.0,0.0,44,MarvelmindRobotics/marvelmind_ros2_msgs_release,humble,no_programming_languages
mola_mapper_2d,MOLAorg,2D SLAM system for the MOLA framework,https://github.com/MOLAorg/mola_mapper_2d,93,4,0,0,,GPL-3.0,True,False,False,False,False,True,good first issue,1,6,2026-01-23T07:13:09Z,28,4581,0,code,Organization,93,0,4,C++;CMake;Shell,0,0,0,0,0,,,3.0,0.5,0.0,2.0,10.22,0.0,0.0,2,MOLAorg/mola_mapper_2d,humble,created_recently_6mo
libqi,ros-naoqi,"naoqi_libqi ROS package, fork of the libqi repository",https://github.com/ros-naoqi/libqi,13107,2,4,0,,,True,False,False,False,False,True,good first issue,20,7366,2009-10-13T21:41:34Z,0,0,0,other,Organization,13107,0,2,C++;CMake;Lua;Python;Shell;C;EmberScript,0,4,8,0,0,5.95,,144.43,1.84,0.08,0.04,2.6,0.0,0.0,51,ros-naoqi/libqi,humble|jazzy,is_fork
libqicore,ros-naoqi,"naoqi_libqicore ROS package, fork of the libqicore repository",https://github.com/ros-naoqi/libqicore,21285,2,3,0,,,True,False,False,False,False,True,good first issue,9,512,2012-09-25T14:52:57Z,1,1,0,config,Organization,21285,0,2,Python;C++;CMake,0,2,2,0,0,3.43,,10.04,0.61,0.06,0.04,2.65,0.0,0.0,51,ros-naoqi/libqicore,humble,is_fork
nerian_stereo_ros2,nerian-vision,"ROS 2 driver node for Scarlet, SceneScan and SP1 stereo vision sensors by Nerian Vision GmbH",https://github.com/nerian-vision/nerian_stereo_ros2,5681,2,1,0,,Other,True,False,False,False,False,True,good first issue,1,55,2021-03-31T10:41:19Z,5,1279,0,code,User,5681,0,2,C++;CMake;Python,0,1,1,0,0,0.0,,0.93,0.05,0.02,0.03,0.21,0.0,0.0,59,nerian-vision/nerian_stereo_ros2,humble,is_fork
nonpersistent_voxel_layer-release,SteveMacenski,Bloom Release Repository for the  nonpersistent_voxel_layer ,https://github.com/SteveMacenski/nonpersistent_voxel_layer-release,226,0,3,0,,,True,False,False,False,False,True,good first issue,1,76,2018-08-14T18:26:25Z,1,2,0,docs,User,226,1,0,,0,0,0,0,0,,,0.84,0.01,0.03,0.0,15.61,0.0,0.0,91,SteveMacenski/nonpersistent_voxel_layer-release,humble|jazzy,no_programming_languages
object_recognition_msgs,wg-perception,The description of the ROS messages/actionlib server for object recognition,https://github.com/wg-perception/object_recognition_msgs,75,2,26,1,,,False,False,False,False,False,False,,3,103,2012-03-17T21:19:34Z,6,137,0,config,Organization,75,11,2,,0,4,6,1,8,115.84,67.78,0.61,0.03,0.15,0.01,0.0,0.0,0.0,168,wg-perception/object_recognition_msgs,humble|jazzy|kilted,no_programming_languages
olive-ros2-interfaces,olive-robotics,All ros2 interfaces for olive products,https://github.com/olive-robotics/olive-ros2-interfaces,342,0,0,0,,Apache-2.0,True,False,False,False,False,True,good first issue,1,11,2025-12-09T08:41:37Z,1,201,0,other,Organization,342,0,0,CMake,0,2,2,0,0,0.0,,3.67,0.67,0.0,0.0,0.29,0.0,0.0,3,olive-robotics/olive-ros2-interfaces,humble,created_recently_6mo
ompl-release,ros2-gbp,,https://github.com/ros2-gbp/ompl-release,35015,0,6,0,,,True,False,False,False,False,True,good first issue,11,220,2013-04-18T08:48:19Z,0,0,0,other,Organization,35015,3,0,,0,0,0,0,1,,28.54,4.49,0.27,0.12,0.0,35.15,0.0,0.0,49,ros2-gbp/ompl-release,humble,no_programming_languages
ortools_vendor-release,ros2-gbp,,https://github.com/ros2-gbp/ortools_vendor-release,353,0,4,0,,,True,False,False,False,False,True,good first issue,3,121,2024-04-09T14:39:15Z,0,0,0,other,Organization,353,4,0,,0,0,0,0,0,,,5.26,0.13,0.17,0.0,24.76,0.0,0.0,23,ros2-gbp/ortools_vendor-release,humble|jazzy|kilted,no_programming_languages
picknik_ament_copyright-release,ros2-gbp,,https://github.com/ros2-gbp/picknik_ament_copyright-release,146,0,5,0,,,True,False,False,False,False,True,good first issue,6,42,2021-08-12T22:17:37Z,1,1,0,config,Organization,146,7,0,,0,0,0,0,0,,,0.86,0.12,0.1,0.0,2.87,0.0,0.0,49,ros2-gbp/picknik_ament_copyright-release,humble|jazzy|kilted,no_programming_languages
pointcloud-to-ply,li9i,"Subscribe to a PointCloud2 topic, reconstruct a mesh, and save to .obj or .ply format",https://github.com/li9i/pointcloud-to-ply,1872,1,0,0,,BSD-3-Clause,True,False,False,False,False,True,good first issue,1,9,2025-11-29T17:33:35Z,9,342,0,code,User,1872,0,1,Python;CMake,0,0,0,0,0,,,2.25,0.25,0.0,0.25,0.61,0.0,0.0,4,li9i/pointcloud-to-ply,humble|jazzy,created_recently_6mo
pybind11_json_vendor,open-rmf,pybind11_json vendor package,https://github.com/open-rmf/pybind11_json_vendor,47,0,2,0,,Apache-2.0,True,False,False,False,False,True,good first issue,7,31,2022-01-12T00:50:42Z,1,2,0,docs,Organization,47,6,0,CMake,0,16,16,0,1,14.53,29.1,0.62,0.14,0.04,0.0,0.62,0.0,0.0,50,open-rmf/pybind11_json_vendor,humble|jazzy|kilted,archived
radar_msgs-release,ros2-gbp,Relase repo for https://github.com/ros-perception/radar_msgs,https://github.com/ros2-gbp/radar_msgs-release,185,2,5,0,,,True,False,False,False,False,True,good first issue,6,50,2021-03-09T20:03:50Z,1,1,0,config,Organization,185,8,2,,0,0,0,0,0,,,0.83,0.1,0.08,0.03,4.05,0.0,0.0,60,ros2-gbp/radar_msgs-release,humble|jazzy|kilted,no_programming_languages
rko_lio,PRBonn,A Robust Approach for LiDAR-Inertial Odometry Without Sensor-Specific Modelling,https://github.com/PRBonn/rko_lio,11325,466,39,5,imu;inertial;lidar;lidar-inertial-odometry;mapping;odometry;robotics;ros;ros2;slam,MIT,True,False,False,False,False,True,good first issue,6,94,2025-09-03T14:20:35Z,1,3,0,docs,Organization,11325,13,466,C++;Python;CMake;Makefile,2,84,88,3,20,1.14,8.61,15.67,1.0,6.5,77.67,4.66,0.0,0.0,6,PRBonn/rko_lio,humble|jazzy|kilted,created_recently_6mo
ros2tree,ishaanbhimwal,,https://github.com/ishaanbhimwal/ros2tree,642,29,2,3,,MIT,True,False,False,False,False,True,good first issue,1,14,2025-11-19T13:48:08Z,1,21,0,other,User,642,1,29,Python,1,0,1,2,0,2.44,,3.5,0.5,0.5,7.25,0.75,0.0,0.0,4,ishaanbhimwal/ros2tree,humble,created_recently_6mo
ros_industrial_cmake_boilerplate-release,ros2-gbp,,https://github.com/ros2-gbp/ros_industrial_cmake_boilerplate-release,418,0,5,0,,,True,False,False,False,False,True,good first issue,5,113,2021-01-06T04:24:14Z,0,0,0,other,Organization,418,3,0,,0,1,1,0,0,0.0,,2.63,0.14,0.12,0.0,26.14,0.0,0.0,43,ros2-gbp/ros_industrial_cmake_boilerplate-release,humble|jazzy|kilted,no_programming_languages
rosbag2_to_video,fictionlab,Tool to create a video from a rosbag2 recording,https://github.com/fictionlab/rosbag2_to_video,30,2,1,0,,Apache-2.0,True,True,False,False,False,True,good first issue,3,19,2022-07-20T14:50:50Z,10,463,0,code,Organization,30,1,2,Python,0,2,2,0,0,0.33,,1.0,0.16,0.05,0.11,0.62,0.62,0.0,19,fictionlab/rosbag2_to_video,humble|jazzy|kilted,is_fork
simple-term-menu,clearpathrobotics,A Python package which creates simple interactive menus on the command line.,https://github.com/clearpathrobotics/simple-term-menu,586,0,0,0,,MIT,True,False,False,False,False,True,good first issue,11,241,2019-08-14T14:19:39Z,1,0,0,config,Organization,586,0,0,Python;CMake,0,0,0,0,0,,,6.03,0.3,0.0,0.0,27.81,0.0,0.0,40,clearpathrobotics/simple-term-menu,humble|jazzy,is_fork
sophus,clalancette,C++ implementation of Lie Groups using Eigen.,https://github.com/clalancette/sophus,1409,0,3,0,,,True,False,False,False,False,True,good first issue,1,10,2019-10-13T23:27:18Z,1,9,0,other,User,1409,0,0,,0,5,5,0,0,5.79,,0.29,0.03,0.09,0.0,1.81,0.0,0.0,34,clalancette/sophus,humble|jazzy|kilted,no_programming_languages;is_fork
ros2_system_webview,namo-robotics,,https://github.com/namo-robotics/ros2_system_webview,899,31,1,0,,MIT,True,False,False,False,False,True,good first issue,1,24,2026-02-09T08:23:10Z,1,1,0,docs,Organization,899,3,31,TypeScript;HTML;C++;Shell;Python;CMake;Dockerfile;JavaScript;CSS,0,0,0,0,1,,0.6,24.0,1.0,1.0,31.0,3.5,0.0,0.0,1,namo-robotics/ros2_system_webview,humble|jazzy|kilted,created_recently_6mo
teleop_twist_joy,ros2,Simple joystick teleop for twist robots,https://github.com/ros2/teleop_twist_joy,122,83,91,2,,Other,True,False,False,False,False,True,good first issue,22,120,2014-07-21T14:00:57Z,2,56,0,config,Organization,122,10,83,C++;Python;CMake,1,46,52,1,13,33.67,46.33,1.14,0.24,0.87,0.79,4.15,0.0,0.0,105,ros2/teleop_twist_joy,humble|jazzy|kilted,is_fork
teleop_twist_keyboard,ros2,Generic Keyboard Teleop for ROS 2,https://github.com/ros2/teleop_twist_keyboard,41,48,53,1,,Other,True,True,False,False,False,True,good first issue,15,61,2014-02-12T05:50:55Z,3,138,0,code,Organization,41,11,48,Python,1,24,32,0,9,47.68,79.8,0.58,0.16,0.5,0.46,1.33,0.16,0.0,105,ros2/teleop_twist_keyboard,humble|jazzy|kilted,is_fork
tf_tree_terminal,Tanneguydv,A lightweight ROS 2 utility to visualize the Coordinate Transform (TF) tree directly in the terminal with a folder-style structure.,https://github.com/Tanneguydv/tf_tree_terminal,72,61,2,0,,MIT,True,False,False,False,False,True,good first issue,1,32,2025-12-23T10:12:03Z,12,297,0,code,User,72,2,61,Python,0,0,0,0,1,,7.48,10.67,0.33,0.67,20.33,5.8,0.0,0.0,3,Tanneguydv/tf_tree_terminal,humble|jazzy|kilted,created_recently_6mo
topic_based_ros2_control-release,ros2-gbp,,https://github.com/ros2-gbp/topic_based_ros2_control-release,236,0,5,0,,,True,False,False,False,False,True,good first issue,4,58,2023-05-24T21:09:28Z,1,1,0,config,Organization,236,8,0,,0,0,0,0,0,,,2.32,0.16,0.2,0.0,10.8,0.0,0.0,25,ros2-gbp/topic_based_ros2_control-release,humble,no_programming_languages
zed-ros2-description,stereolabs,Contains URDF and meshes to create models of Stereolabs ZED Cameras.,https://github.com/stereolabs/zed-ros2-description,2743,1,1,0,,Apache-2.0,True,True,False,False,False,False,,2,21,2026-01-08T17:37:15Z,1,2,0,docs,Organization,2743,0,1,Python;CMake,0,1,1,0,0,15.88,,10.5,1.0,0.5,0.5,3.28,2.07,0.0,2,stereolabs/zed-ros2-description,humble|jazzy,created_recently_6mo
daheng4ros,vdovetzi,ROS2 driver for Daheng Imaging VEN-U3 Board Level Series cameras,https://github.com/vdovetzi/daheng4ros,127,0,0,0,c;camera;cpp;daheng-imaging;image-enhancements;ros2;ven-series,MIT,True,False,False,False,False,True,good first issue,1,4,2025-10-15T11:48:20Z,2,23,0,docs,User,127,0,0,C;C++;CMake;Python,0,0,0,0,0,,,0.8,0.2,0.0,0.0,2.37,0.0,0.0,5,vdovetzi/daheng4ros,jazzy,created_recently_6mo
lightning_rrt,david-dorf,ROS 2 Jazzy package for obtaining 2D navigation paths using the Rapidly-exploring Random Tree (RRT) algorithm.,https://github.com/david-dorf/lightning_rrt,49,1,1,1,,MIT,True,False,False,False,False,True,good first issue,1,29,2025-12-21T01:32:29Z,5,114,0,config,User,49,1,1,C++;CMake,1,0,0,0,0,,,9.67,0.67,0.33,0.33,1.08,0.0,0.0,3,david-dorf/lightning_rrt,jazzy,created_recently_6mo
lightning_rrt_interfaces,david-dorf,ROS 2 Jazzy package containing custom messages for lightning_rrt,https://github.com/david-dorf/lightning_rrt_interfaces,25,0,0,0,,MIT,True,False,False,False,False,True,good first issue,1,5,2025-12-28T01:23:26Z,1,1,0,docs,User,25,0,0,CMake,0,0,0,0,0,,,1.67,0.67,0.0,0.0,0.14,0.0,0.0,3,david-dorf/lightning_rrt_interfaces,jazzy,created_recently_6mo
mp_units_vendor,nobleo,Vendor package for the mp-units library,https://github.com/nobleo/mp_units_vendor,8,1,0,0,,Apache-2.0,True,False,False,False,False,True,good first issue,1,4,2025-10-10T05:25:27Z,1,201,0,other,Organization,8,1,1,CMake,0,0,0,0,0,,,0.8,0.2,0.0,0.2,0.44,0.0,0.0,5,nobleo/mp_units_vendor,jazzy|kilted,created_recently_6mo
odri_master_board_sdk_release,stack-of-tasks,Hardware and Firmware of the Solo Quadruped Master Board,https://github.com/stack-of-tasks/odri_master_board_sdk_release,10397,0,2,0,,BSD-2-Clause,True,False,False,False,False,True,good first issue,18,562,2019-07-25T11:22:36Z,2,27,0,docs,Organization,10397,0,0,C++;C;Python;CMake;Makefile;Shell,0,1,1,0,0,23.82,,20.07,0.96,0.07,0.0,2.58,0.0,0.0,28,stack-of-tasks/odri_master_board_sdk_release,jazzy|kilted,is_fork
point_cloud_transport_tutorial,ros-perception,"This repository provides tutorial, which discusses running sample publisher and subscriber using multiple transports of point_cloud_transport.",https://github.com/ros-perception/point_cloud_transport_tutorial,790,11,4,1,,BSD-3-Clause,True,True,False,False,False,True,good first issue,4,56,2019-08-02T10:29:46Z,5,123,0,code,Organization,790,0,11,C++;Python;CMake,1,19,20,0,0,7.53,,1.75,0.12,0.12,0.34,14.09,0.16,0.0,32,ros-perception/point_cloud_transport_tutorial,jazzy|kilted,is_fork
ros2_snapshot,cnurobotics,Python-based ROS 2 tools that can be used to capture a software model of a ROS 2 Workspace and running ROS deployment.,https://github.com/CNURobotics/ros2_snapshot,78,0,0,0,,Apache-2.0,True,True,False,False,False,True,good first issue,0,6,2026-01-29T22:37:29Z,62,8518,0,code,Organization,78,0,0,Python,0,0,0,0,0,,,3.0,0.5,0.0,0.0,4.17,0.89,0.0,2,CNURobotics/ros2_snapshot,jazzy|kilted,created_recently_6mo
mobile_robot_simulator,nobleo,"A simple ROS simulator for mobile robots. Simply subscribes to incoming velocity commands, and updates odometry based on this.",https://github.com/nobleo/mobile_robot_simulator,56,3,1,0,,BSD-3-Clause,True,False,False,False,False,True,good first issue,4,59,2015-10-31T12:07:04Z,4,363,0,code,Organization,56,0,3,C++;CMake,0,7,8,0,0,131.22,,0.84,0.09,0.01,0.04,3.81,0.0,0.0,70,nobleo/mobile_robot_simulator,kilted,is_fork
rplidar_ros,allenh1,,https://github.com/allenh1/rplidar_ros,424,45,44,16,,BSD-2-Clause,True,False,False,False,False,True,good first issue,17,75,2014-05-06T17:37:34Z,2,25,0,docs,User,424,5,45,C++;C;Python;CMake;Shell,4,17,20,12,4,60.56,46.45,0.82,0.23,0.48,0.49,1.57,0.0,0.0,91,allenh1/rplidar_ros,kilted,is_fork
