repository,time_months,event,is_alive,first_month,last_activity_month,owner_type,has_readme,has_contributing,has_code_of_conduct,has_newcomer_labels,contributors_count,commits_count,stars,forks
2b-t/myactuator_rmd,34,0,True,2023-05,2026-02,User,True,False,False,True,2,141,50,32
42dot/foros,15,1,False,2021-10,2023-01,Organization,True,False,True,True,1,177,40,9
4am-robotics/cob_common,192,0,True,2010-03,2025-11,Organization,True,False,False,False,51,2133,68,137
ADVRHumanoids/nicla_vision_ros2,22,0,True,2024-05,2025-11,Organization,True,True,False,True,2,52,10,2
ANYbotics/grid_map,138,0,True,2014-09,2026-01,Organization,True,False,False,True,39,806,3065,856
AndrejOrsula/pymoveit2,51,0,True,2021-12,2026-02,User,True,False,False,True,18,108,331,102
AprilRobotics/apriltag,90,0,True,2018-09,2026-03,Organization,True,False,False,True,60,452,2156,641
AutoAPMS/auto-apms,20,0,True,2024-07,2026-03,Organization,True,True,False,True,2,317,91,8
AutonicsLiDAR/lsc_ros2_driver,23,1,False,2022-12,2024-11,Organization,True,False,False,True,1,12,3,3
AutonomyLab/create_robot,123,0,True,2015-12,2025-11,Organization,True,False,False,False,11,183,220,176
AutonomyLab/libcreate,112,1,False,2015-12,2025-04,Organization,True,False,False,True,13,131,49,83
Barry-Xu-2018/ros2_service_load_balancing,19,0,True,2024-08,2025-10,User,True,False,False,True,2,37,8,1
Beam-and-Spyrosoft/rtest,11,0,True,2025-04,2026-03,Organization,True,True,False,True,10,58,128,18
BerkeleyAutomation/FogROS2,41,1,False,2022-02,2025-07,Organization,True,False,False,True,9,341,213,31
Boeing/gazebo_no_physics_plugin,32,1,False,2022-11,2025-07,Organization,True,False,False,True,4,16,1,0
Boeing/gazebo_planar_move_plugin,80,1,False,2017-08,2024-04,Organization,True,False,False,True,9,123,1,1
Boeing/gazebo_set_joint_positions_plugin,94,1,False,2017-08,2025-06,Organization,True,False,False,True,8,134,3,1
BruceChanJianLe/laser_scan_merger,1,1,False,2025-05,2025-05,User,True,False,False,True,1,16,0,1
CCNYRoboticsLab/imu_tools,165,0,True,2012-06,2026-02,Organization,True,False,False,True,33,284,1086,473
Chroma-CITI/namoros,10,0,True,2025-05,2025-10,Organization,True,False,False,True,2,82,6,0
Chroma-CITI/namosim,83,0,True,2019-04,2025-10,Organization,True,False,False,True,2,1342,13,2
DFKI-NI/mir_robot,109,0,True,2017-02,2025-11,Organization,True,False,False,True,8,310,264,173
DFKI-NI/rospy_message_converter,158,0,True,2013-01,2026-02,Organization,True,False,False,False,13,133,236,101
DLu/simple_actions,43,0,True,2022-08,2026-02,User,True,False,False,True,3,28,22,6
DLu/tf_transformations,57,0,True,2021-06,2026-02,User,True,False,False,True,4,20,59,18
EasyNavigation/EasyNavigation,11,0,True,2025-04,2026-03,Organization,True,False,False,True,5,355,77,16
Ekumen-OS/andino,40,0,True,2022-11,2026-02,Organization,True,True,True,True,17,160,305,75
Ekumen-OS/andino_gz,31,0,True,2023-08,2025-09,Organization,True,True,True,True,9,53,50,17
Ekumen-OS/beluga,41,0,True,2022-10,2026-02,Organization,True,True,True,True,19,339,311,31
Fields2Cover/Fields2Cover,45,0,True,2022-06,2026-01,Organization,True,False,True,True,20,491,758,172
FlexBE/flexbe_app,102,1,False,2017-01,2025-07,Organization,True,False,False,False,7,160,51,52
FlexBE/flexbe_behavior_engine,128,0,True,2015-07,2025-11,Organization,True,True,False,True,25,561,67,19
ForteFibre/FluentRviz,29,1,False,2021-01,2023-06,Organization,True,True,False,True,2,251,5,0
ForteFibre/parameter_expression,12,0,True,2025-03,2025-09,Organization,True,False,False,True,1,10,7,0
FraunhoferIOSB/camera_aravis2,45,0,True,2022-06,2025-09,Organization,True,True,False,False,3,100,41,6
FraunhoferIOSB/multisensor_calibration,13,0,True,2025-02,2026-02,Organization,True,True,False,False,3,97,109,10
Geson-anko/numpy_ndarray_msgs,1,1,False,2025-02,2025-03,User,True,True,False,True,1,73,2,0
HebiRobotics/hebi_cpp_api_ros,87,0,True,2018-12,2026-01,Organization,False,False,False,True,4,65,4,5
HebiRobotics/hebi_msgs,33,0,True,2023-06,2026-01,Organization,True,False,False,True,2,20,0,1
IMRCLab/motion_capture_tracking,61,0,True,2021-02,2026-02,Organization,True,False,False,True,4,86,72,38
Ikerlan-KER/extrinsic_calibrator,9,1,False,2024-10,2025-07,Organization,True,False,False,True,3,48,38,8
JafarAbdi/feetech_ros2_driver,17,0,True,2024-10,2026-03,User,True,False,False,True,9,29,35,21
JafarAbdi/jacro,16,0,True,2024-11,2025-11,User,True,False,False,True,2,13,0,0
Jannkar/turtle_nest,19,0,True,2024-08,2025-11,User,True,False,False,True,2,55,208,19
KIT-MRT/mrt_cmake_modules,128,0,True,2015-07,2026-01,Organization,True,False,False,False,18,1090,43,27
Kinovarobotics/ros2_kortex,57,0,True,2021-06,2026-03,Organization,True,False,False,True,23,206,108,96
KumarRobotics/ublox,141,0,True,2014-06,2026-01,Organization,True,False,False,False,21,286,519,432
LOEWE-emergenCITY/ros_babel_fish,56,0,True,2021-07,2026-02,Organization,True,False,False,True,2,68,55,13
LORD-MicroStrain/ntrip_client,52,0,True,2021-11,2026-02,Organization,True,False,False,True,4,36,103,82
LeoRover/leo_common-ros2,80,0,True,2019-07,2025-12,Organization,True,False,False,True,5,77,4,10
LeoRover/leo_desktop-ros2,55,1,False,2020-10,2025-05,Organization,True,False,False,True,1,22,0,0
LeoRover/leo_robot-ros2,48,0,True,2022-03,2026-01,Organization,True,False,False,True,4,141,7,3
LeoRover/leo_simulator-ros2,22,1,False,2023-09,2025-07,Organization,True,False,False,True,3,83,16,6
MOCAP4ROS2-Project/mocap4r2,45,0,True,2022-06,2025-10,Organization,True,False,False,True,4,65,3,18
MOCAP4ROS2-Project/mocap4r2_msgs,69,0,True,2020-06,2025-11,Organization,True,False,False,True,4,54,6,16
MOLAorg/mola,88,0,True,2018-11,2026-03,Organization,True,False,False,False,3,1550,867,125
MOLAorg/mola_common,88,0,True,2018-11,2025-10,Organization,True,False,False,True,1,94,0,4
MOLAorg/mola_gnss_to_markers,18,0,True,2024-09,2025-12,Organization,True,False,False,True,3,24,3,3
MOLAorg/mola_imu_preintegration,27,0,True,2023-12,2026-02,Organization,True,False,False,True,1,125,16,2
MOLAorg/mola_lidar_odometry,61,0,True,2021-02,2026-03,Organization,True,False,False,True,2,661,100,17
MOLAorg/mola_sm_loop_closure,25,0,True,2024-02,2026-02,Organization,True,False,False,True,1,118,2,1
MOLAorg/mola_state_estimation,27,0,True,2023-12,2026-03,Organization,True,False,False,True,1,306,11,1
MOLAorg/mola_test_datasets,73,1,False,2019-06,2025-07,Organization,True,False,False,True,2,41,0,3
MOLAorg/mp2p_icp,87,0,True,2018-12,2026-03,Organization,True,False,False,True,3,1008,188,28
MRPT/gtsam2mrpt_serial,47,0,True,2022-04,2026-02,Organization,True,False,False,True,1,30,6,2
MRPT/mrpt_path_planning,82,0,True,2019-05,2026-01,Organization,True,False,False,True,2,300,17,4
MRPT/mrpt_ros,20,0,True,2024-07,2026-02,Organization,True,False,False,True,3,100,9,4
MRPT/mrpt_ros_bridge,46,0,True,2022-05,2026-02,Organization,True,False,False,True,1,109,2,1
MRPT/mvsim,139,0,True,2014-08,2026-03,Organization,True,False,False,False,9,1374,367,54
MRPT/python_mrpt_ros,20,0,True,2024-07,2026-02,Organization,True,False,False,True,1,31,2,0
MarvelmindRobotics/marvelmind_ros2_upstream,4,1,False,2022-07,2022-11,Organization,True,False,False,True,2,10,0,3
MetroRobots/classic_bags,34,0,True,2023-05,2026-03,Organization,True,False,False,True,2,25,9,1
MetroRobots/color_util,36,0,True,2023-03,2026-02,Organization,True,False,False,True,2,22,0,1
MetroRobots/metrics_msgs,31,0,True,2023-08,2026-01,Organization,True,False,False,True,2,16,0,0
MetroRobots/metro_nav,31,0,True,2023-08,2026-01,Organization,True,False,False,True,2,13,0,0
MetroRobots/polygon_ros,36,0,True,2023-03,2026-01,Organization,True,False,False,True,3,33,17,2
MetroRobots/ros_system_fingerprint,46,0,True,2022-05,2026-01,Organization,True,False,False,True,2,29,33,1
MetroRobots/social_nav_ros,35,0,True,2023-04,2025-10,Organization,True,False,False,True,2,14,2,0
Minipada/fluent_bit_vendor,1,1,False,2023-05,2023-06,User,True,False,False,True,1,5,1,0
MoffKalast/vizanti,35,0,True,2023-04,2026-03,User,True,False,False,True,5,263,237,51
Neargye/magic_enum,84,0,True,2019-03,2026-03,User,True,False,False,True,74,611,5960,537
OUXT-Polaris/boost_geometry_util,31,1,False,2022-06,2025-01,Organization,True,True,False,True,3,53,0,0
OUXT-Polaris/nmea_hardware_interface,40,1,False,2021-09,2025-01,Organization,True,True,False,True,5,58,0,1
OUXT-Polaris/ouxt_common,40,1,False,2021-09,2025-01,Organization,False,True,False,True,3,138,0,0
OUXT-Polaris/quaternion_operation,83,0,True,2019-04,2025-09,Organization,True,True,False,True,5,153,6,3
OUXT-Polaris/sol_vendor,48,1,False,2021-06,2025-06,Organization,True,True,False,True,5,67,1,0
OctoMap/octomap,198,0,True,2009-09,2026-02,Organization,True,False,False,False,61,802,2268,698
OctoMap/octomap_mapping,167,0,True,2012-04,2026-01,Organization,True,False,False,False,17,229,421,303
OctoMap/octomap_msgs,167,0,True,2012-04,2026-01,Organization,True,False,False,False,7,60,39,54
OctoMap/octomap_ros,169,0,True,2012-02,2025-10,Organization,True,False,False,False,5,54,103,51
OctoMap/octomap_rviz_plugins,164,0,True,2012-07,2026-02,Organization,True,True,False,False,17,114,108,72
OrebroUniversity/mod,39,1,False,2022-03,2025-06,Organization,False,False,False,True,1,53,0,0
PX4/px4_msgs,86,0,True,2019-01,2026-02,Organization,True,True,False,True,13,582,129,208
PickNikRobotics/RSL,43,0,True,2022-08,2026-02,Organization,True,False,False,True,9,184,84,23
PickNikRobotics/affordance_primitives,22,1,False,2021-10,2023-08,Organization,True,True,False,True,2,9,0,1
PickNikRobotics/cpp_polyfills,42,0,True,2022-09,2026-03,Organization,True,False,False,True,6,22,7,5
PickNikRobotics/data_tamer,28,0,True,2023-11,2026-02,Organization,True,False,False,True,10,256,284,29
PickNikRobotics/generate_parameter_library,45,0,True,2022-06,2026-03,Organization,True,True,False,True,41,276,355,70
PickNikRobotics/graph_msgs,143,0,True,2014-04,2026-01,Organization,True,False,False,False,2,18,8,7
PickNikRobotics/launch_param_builder,50,0,True,2022-01,2026-02,Organization,True,True,False,True,4,13,12,10
PickNikRobotics/pick_ik,29,1,False,2022-08,2025-01,Organization,True,False,False,True,10,134,90,25
PickNikRobotics/picknik_controllers,52,0,True,2021-11,2026-01,Organization,True,False,False,True,10,58,1,5
PickNikRobotics/ros2_robotiq_gripper,45,0,True,2022-06,2026-02,Organization,True,False,False,True,18,136,148,108
PickNikRobotics/rviz_visual_tools,137,0,True,2014-10,2026-01,Organization,True,False,False,False,24,407,811,249
PickNikRobotics/snowbot_operating_system,63,0,True,2020-12,2026-01,Organization,True,False,False,True,1,13,19,3
PlanSys2/ros2_planning_system,76,0,True,2019-11,2026-02,Organization,True,True,True,True,28,1219,469,109
PlotJuggler/plotjuggler-ros-plugins,65,0,True,2020-10,2026-03,Organization,True,False,False,True,13,153,130,59
PlotJuggler/plotjuggler_msgs,70,0,True,2020-05,2025-12,User,True,False,False,True,3,32,9,9
ROBOTIS-GIT/DynamixelSDK,120,0,True,2016-03,2026-02,Organization,True,False,False,False,23,657,564,483
ROBOTIS-GIT/ai_worker,11,0,True,2025-04,2026-03,Organization,True,True,False,False,9,536,107,27
ROBOTIS-GIT/coin_d4_driver,10,0,True,2025-05,2026-02,Organization,True,True,False,False,3,44,2,1
ROBOTIS-GIT/dynamixel-workbench,116,0,True,2016-07,2026-02,Organization,True,False,False,False,14,634,122,196
ROBOTIS-GIT/dynamixel-workbench-msgs,105,0,True,2017-06,2026-01,Organization,True,True,False,False,4,73,18,39
ROBOTIS-GIT/dynamixel_hardware_interface,19,0,True,2024-08,2026-03,Organization,True,True,False,False,6,270,26,17
ROBOTIS-GIT/dynamixel_interfaces,15,0,True,2024-12,2026-03,Organization,True,True,False,False,4,14,2,6
ROBOTIS-GIT/hls_lfcd_lds_driver,111,0,True,2016-12,2026-01,Organization,True,False,False,False,9,115,100,78
ROBOTIS-GIT/ld08_driver,41,1,False,2022-02,2025-07,Organization,True,True,False,False,4,44,11,29
ROBOTIS-GIT/open_manipulator,110,0,True,2017-01,2026-03,Organization,True,True,False,False,14,1019,595,205
ROBOTIS-GIT/turtlebot3,117,0,True,2016-06,2026-02,Organization,True,True,False,False,26,1024,1895,1129
ROBOTIS-GIT/turtlebot3_applications,99,1,False,2017-03,2025-06,Organization,True,True,False,False,11,441,104,51
ROBOTIS-GIT/turtlebot3_applications_msgs,85,1,False,2018-05,2025-06,Organization,True,True,False,False,3,18,8,5
ROBOTIS-GIT/turtlebot3_autorace,87,1,False,2018-03,2025-06,Organization,True,True,False,False,5,113,105,57
ROBOTIS-GIT/turtlebot3_home_service_challenge,64,1,False,2020-03,2025-07,Organization,True,False,False,False,8,100,12,10
ROBOTIS-GIT/turtlebot3_machine_learning,92,0,True,2018-07,2026-02,Organization,True,True,False,False,8,228,144,91
ROBOTIS-GIT/turtlebot3_manipulation,94,0,True,2018-05,2025-11,Organization,True,True,False,False,6,304,84,47
ROBOTIS-GIT/turtlebot3_msgs,98,1,False,2017-04,2025-06,Organization,True,True,False,False,8,90,77,144
ROBOTIS-GIT/turtlebot3_simulations,107,0,True,2017-04,2026-02,Organization,True,True,False,False,16,383,465,527
RaphRover/raph_common,80,0,True,2019-07,2026-02,Organization,True,False,False,True,5,81,0,0
RaphRover/raph_desktop,65,0,True,2020-10,2025-12,Organization,True,False,False,True,2,21,0,0
RaphRover/raph_robot,48,0,True,2022-03,2026-03,Organization,True,False,False,True,3,103,1,0
RoboSense-LiDAR/rslidar_msg,56,1,False,2020-06,2025-02,Organization,True,False,False,True,3,10,24,48
RoboSense-LiDAR/rslidar_sdk,69,0,True,2020-06,2026-03,Organization,True,False,False,True,12,560,651,310
RobotWebTools/rosbridge_suite,164,0,True,2012-07,2026-03,Organization,True,False,False,False,116,962,1168,579
RobotWebTools/tf2_web_republisher,159,0,True,2012-12,2025-09,Organization,True,False,False,False,12,68,26,40
RobotWebTools/web_video_server,137,0,True,2014-10,2026-02,Organization,True,True,False,False,24,116,366,212
RobotecAI/rai_interfaces,11,1,False,2024-07,2025-06,Organization,True,False,False,True,5,36,2,2
SBG-Systems/sbg_ros2_driver,73,0,True,2020-02,2026-03,Organization,True,False,False,True,10,165,47,37
SCHUNK-SE-Co-KG/schunk_svh_library,137,1,False,2014-01,2025-06,Organization,True,False,False,True,8,417,1,0
SICKAG/sick_safetyscanners2,64,0,True,2020-11,2026-02,Organization,True,False,False,True,7,117,33,44
SICKAG/sick_safetyscanners2_interfaces,63,0,True,2020-12,2026-02,Organization,True,False,False,True,3,16,3,11
SICKAG/sick_safetyscanners_base,91,0,True,2018-08,2026-01,Organization,True,False,False,True,8,367,18,35
SICKAG/sick_safevisionary_base,33,0,True,2023-06,2025-11,Organization,True,False,False,True,4,20,5,2
SICKAG/sick_safevisionary_ros2,33,0,True,2023-06,2026-02,Organization,True,False,False,True,5,98,8,4
SICKAG/sick_scan_xd,53,0,True,2021-10,2026-03,Organization,True,True,False,True,13,272,165,119
Simple-Robotics/nanoeigenpy,15,0,True,2024-12,2026-02,Organization,True,False,False,False,7,332,19,7
Simple-Robotics/proxsuite,55,0,True,2021-08,2026-03,Organization,True,False,False,True,23,2132,543,72
Slamtec/rplidar_ros,142,0,True,2014-05,2026-01,Organization,True,False,False,True,16,82,649,621
StefanFabian/qml6_ros2_plugin,56,0,True,2021-07,2026-02,User,True,False,False,True,2,127,7,0
StefanFabian/qml_ros2_plugin,56,0,True,2021-07,2026-02,User,True,False,False,True,2,84,60,12
SteveMacenski/nonpersistent_voxel_layer,99,0,True,2017-12,2025-11,User,True,False,False,True,9,51,49,17
SteveMacenski/slam_toolbox,188,0,True,2010-07,2026-02,User,True,False,False,True,74,565,2357,653
SteveMacenski/spatio_temporal_voxel_layer,98,0,True,2018-01,2026-02,User,True,False,False,True,37,249,800,221
THA-Embedded-Systems-Lab/soar_ros,18,0,True,2024-09,2026-02,Organization,True,True,False,True,3,40,18,6
Tacha-S/sync_parameter_server,2,1,False,2023-11,2024-01,User,True,False,False,True,1,11,6,0
TechMagicKK/aandd_ekew_driver_py,36,0,True,2023-03,2026-02,Organization,True,False,False,True,3,26,0,0
TechMagicKK/weight_scale_interfaces,14,1,False,2022-07,2023-09,Organization,True,False,False,True,4,32,0,0
TonyWelte/rosidlcpp,15,0,True,2024-12,2026-01,User,True,True,False,True,1,110,29,1
ToyotaResearchInstitute/gauges2,35,1,False,2022-08,2025-07,Organization,True,False,False,True,4,30,36,2
UniversalRobots/Universal_Robots_Client_Library,126,0,True,2015-09,2026-03,Organization,True,False,False,True,61,1349,194,129
UniversalRobots/Universal_Robots_ROS2_Description,65,0,True,2020-10,2026-03,Organization,True,True,False,True,22,255,289,188
UniversalRobots/Universal_Robots_ROS2_Driver,65,0,True,2020-10,2026-03,Organization,True,True,False,True,43,710,726,317
UniversalRobots/Universal_Robots_ROS2_GZ_Simulation,51,0,True,2021-12,2026-01,Organization,True,True,False,True,10,68,80,38
UniversalRobots/urinterfaces,38,0,True,2023-01,2025-11,Organization,True,True,False,True,2,3,0,2
adityapande-1995/linux_isolate_process,1,1,False,2023-12,2024-01,User,True,False,False,True,1,31,13,0
aerostack2/aerostack2,48,0,True,2022-03,2026-03,Organization,True,True,True,True,21,2089,297,73
aerostack2/as2_platform_crazyflie,28,1,False,2022-09,2025-01,Organization,True,True,False,True,3,30,0,2
aerostack2/as2_platform_dji_osdk,14,1,False,2023-06,2024-08,Organization,True,True,False,True,3,15,0,1
aerostack2/as2_platform_dji_psdk,28,0,True,2023-11,2025-09,Organization,True,True,False,True,5,76,3,2
aerostack2/as2_platform_mavlink,21,0,True,2024-06,2025-12,Organization,True,True,True,True,4,21,1,5
aerostack2/as2_platform_pixhawk,54,0,True,2021-09,2026-02,Organization,True,True,True,True,7,140,8,9
aerostack2/as2_platform_tello,40,0,True,2022-11,2025-12,Organization,True,True,False,True,6,32,3,4
ajtudela/laser_segmentation,40,0,True,2022-11,2025-09,User,True,False,False,True,2,62,39,5
ajtudela/sicks300_ros2,34,1,False,2022-05,2025-03,User,True,False,False,True,1,76,6,2
ajtudela/slg_msgs,43,1,False,2021-07,2025-02,User,True,False,False,True,1,63,3,3
alliedvision/vimbax_ros2_driver,26,0,True,2024-01,2026-02,Organization,True,False,False,True,2,368,4,24
alvinsunyixiao/vrpn_mocap,34,1,False,2022-07,2025-05,User,True,True,False,True,4,43,34,13
ament/ament_cmake,142,0,True,2014-05,2026-03,Organization,False,True,False,True,63,564,121,143
ament/ament_index,129,0,True,2015-06,2026-02,Organization,True,True,False,True,28,165,14,31
ament/ament_lint,142,0,True,2014-05,2026-03,Organization,False,True,False,True,64,546,49,127
ament/ament_package,142,0,True,2014-05,2025-12,Organization,False,True,False,True,25,251,10,21
ament/google_benchmark_vendor,57,1,False,2020-07,2025-04,Organization,False,True,False,True,13,46,1,7
ament/uncrustify_vendor,92,0,True,2018-07,2026-01,Organization,True,False,False,True,12,48,0,10
analogdevicesinc/adi_3dtof_adtf31xx,32,0,True,2023-07,2025-11,Organization,True,False,False,True,4,24,4,4
analogdevicesinc/adi_3dtof_image_stitching,25,1,False,2023-07,2025-08,Organization,True,False,False,True,3,25,16,6
analogdevicesinc/adi_tmc_coe_ros2,12,0,True,2025-03,2025-12,Organization,True,False,False,True,5,11,3,2
analogdevicesinc/depth-obstacle-detect-ros,1,1,False,2025-03,2025-04,Organization,True,False,False,True,3,8,21,2
analogdevicesinc/iio_ros2,6,1,False,2025-01,2025-07,Organization,True,True,False,True,2,115,2,2
analogdevicesinc/imu_ros2,38,0,True,2023-01,2026-02,Organization,True,True,False,True,6,175,31,8
analogdevicesinc/libaditof,62,0,True,2021-01,2026-03,Organization,True,False,False,True,31,2406,4,8
analogdevicesinc/tmcl_ros2,30,0,True,2023-09,2025-12,Organization,True,False,False,True,5,32,17,4
apl-ocean-engineering/marine_msgs,63,0,True,2020-12,2025-11,Organization,True,False,False,True,7,61,46,27
astuff/astuff_sensor_msgs,83,1,False,2017-09,2024-08,Organization,True,False,False,True,15,193,49,43
astuff/automotive_autonomy_msgs,59,1,False,2016-10,2021-09,Organization,True,False,False,True,7,143,19,10
astuff/network_interface,81,1,False,2017-01,2023-10,Organization,True,False,False,True,10,124,11,12
aussierobots/ublox_dgnss,58,0,True,2021-05,2026-02,Organization,True,False,False,True,11,270,71,44
automatika-robotics/embodied-agents,32,0,True,2023-07,2026-02,Organization,True,False,False,True,2,443,47,4
automatika-robotics/kompass,30,0,True,2023-09,2026-02,Organization,True,False,False,True,2,332,36,0
automatika-robotics/sugarcoat,22,0,True,2024-05,2026-02,Organization,True,False,False,True,2,562,35,2
autowarefoundation/agnocast,20,0,True,2024-07,2026-03,Organization,True,True,False,True,13,912,168,10
autowarefoundation/autoware_adapi_msgs,42,0,True,2022-09,2025-12,Organization,True,True,True,True,19,91,6,33
autowarefoundation/autoware_cmake,51,0,True,2021-12,2026-03,Organization,False,True,True,True,13,49,2,21
autowarefoundation/autoware_core,52,0,True,2021-11,2026-03,Organization,True,True,True,False,62,627,160,119
autowarefoundation/autoware_internal_msgs,25,0,True,2024-02,2026-03,Organization,True,True,True,True,16,70,2,29
autowarefoundation/autoware_lanelet2_extension,43,0,True,2022-08,2026-02,Organization,False,True,True,True,44,153,5,35
autowarefoundation/autoware_msgs,48,0,True,2022-03,2026-03,Organization,True,True,True,True,26,115,40,66
autowarefoundation/autoware_rviz_plugins,11,0,True,2025-04,2026-02,Organization,True,True,True,True,9,23,4,14
autowarefoundation/autoware_utils,43,0,True,2022-08,2026-02,Organization,False,True,True,True,26,78,7,41
autowarefoundation/callback_isolated_executor,30,0,True,2023-09,2026-02,Organization,True,False,False,True,5,169,56,4
autowarefoundation/qpoases_vendor,69,1,False,2019-07,2025-04,Organization,True,False,False,True,1,25,6,7
autowarefoundation/ros2_socketcan,61,0,True,2021-02,2026-02,Organization,False,False,False,True,13,58,176,95
autowarefoundation/tvm_vendor,35,1,False,2020-11,2023-10,Organization,True,False,False,True,6,75,10,8
autowarefoundation/zmqpp_vendor,46,0,True,2022-05,2025-12,Organization,True,True,False,True,5,34,2,4
aws-robotics/aws-robomaker-small-warehouse-world,70,0,True,2020-05,2026-02,Organization,True,True,True,True,8,10,456,123
b-robotized/ads_vendor,10,0,True,2025-05,2025-09,Organization,True,False,False,True,1,18,1,1
bdaiinstitute/proto2ros,17,0,True,2024-10,2025-11,Organization,True,True,False,True,3,17,80,10
bdaiinstitute/synchros2,35,0,True,2023-04,2026-03,Organization,True,True,False,True,16,177,57,9
blackcoffeerobotics/bcr_arm,8,0,True,2025-07,2026-03,Organization,True,False,False,True,2,23,64,15
blackcoffeerobotics/bcr_bot,43,0,True,2022-08,2026-01,Organization,True,False,False,True,6,58,341,68
blackcoffeerobotics/vector_pursuit_controller,20,0,True,2024-07,2026-01,Organization,True,False,False,True,2,24,94,16
bnbhat/bno08x_ros2_driver,17,0,True,2024-10,2026-02,User,True,False,False,True,2,35,8,9
borglab/gtsam,199,0,True,2009-08,2026-03,Organization,True,False,False,False,209,20421,3301,906
bosch-engineering/off_highway_sensor_drivers,39,0,True,2022-12,2026-03,Organization,True,True,False,True,13,125,70,24
boschglobal/rokit_ros_bridge,59,0,True,2021-04,2026-02,Organization,True,True,False,True,5,161,8,12
boschresearch/fmi_adapter,79,1,False,2018-12,2025-07,Organization,True,True,False,True,3,125,49,14
boschresearch/fmilibrary_vendor,70,1,False,2019-04,2025-02,Organization,True,False,False,True,2,54,3,1
brow1633/network_bridge,22,0,True,2024-05,2026-02,User,True,False,False,True,2,83,42,6
brukg/so_arm_100_hardware,4,1,False,2025-01,2025-05,User,True,False,False,True,1,12,18,5
carologistics/clips_executive,57,0,True,2021-06,2026-01,Organization,True,True,False,True,4,544,7,2
carologistics/clips_vendor,3,1,False,2024-08,2024-11,Organization,True,False,False,True,2,39,1,0
chapulina/dolly,74,1,False,2019-03,2025-05,User,True,False,False,True,4,39,241,63
chrisib/open_sound_control_ros,1,1,False,2025-03,2025-03,User,True,False,False,True,1,23,0,0
christianrauch/apriltag_msgs,62,1,False,2017-10,2022-12,User,False,False,False,True,1,12,14,35
christianrauch/apriltag_ros,101,0,True,2017-10,2026-02,User,True,False,False,True,6,146,309,148
christianrauch/camera_ros,52,0,True,2021-11,2026-03,User,True,False,False,True,9,277,153,66
clearpathrobotics/LMS1xx,141,1,False,2013-10,2025-07,Organization,True,False,False,False,16,111,58,99
clearpathrobotics/canopen_inventus,2,1,False,2025-04,2025-06,Organization,True,False,False,True,3,41,4,0
clearpathrobotics/clearpath_common,175,0,True,2011-08,2026-03,Organization,False,False,False,False,13,725,50,37
clearpathrobotics/clearpath_config,38,0,True,2023-01,2026-02,Organization,True,False,False,True,7,678,19,13
clearpathrobotics/clearpath_desktop,38,0,True,2023-01,2026-02,Organization,True,False,False,True,5,76,2,6
clearpathrobotics/clearpath_msgs,38,0,True,2023-01,2026-02,Organization,True,False,False,True,4,98,2,11
clearpathrobotics/clearpath_nav2_demos,35,0,True,2023-04,2026-02,Organization,True,False,False,True,5,64,19,9
clearpathrobotics/clearpath_simulator,38,0,True,2023-01,2026-02,Organization,True,False,False,True,7,163,32,23
clearpathrobotics/ewellix_lift_common,15,0,True,2024-12,2026-03,Organization,True,False,False,True,2,46,1,0
clearpathrobotics/ptz_action_server,19,1,False,2023-03,2024-10,Organization,True,False,False,True,2,47,0,1
clearpathrobotics/puma_motor_driver,116,1,False,2015-02,2024-10,Organization,True,False,False,False,5,112,5,12
clearpathrobotics/robot_upstart,151,0,True,2013-08,2026-01,Organization,True,False,False,False,20,170,204,97
clearpathrobotics/wireless,148,1,False,2013-03,2025-07,Organization,False,False,False,False,10,98,26,15
coal-library/coal,175,0,True,2011-08,2026-02,Organization,True,False,False,False,42,3680,547,137
cra-ros-pkg/robot_localization,144,0,True,2014-03,2026-03,Organization,True,False,False,False,60,1064,1814,998
ctu-vras/compass,43,0,True,2022-08,2026-01,Organization,True,False,False,True,1,45,7,1
ctu-vras/cras_msgs,54,0,True,2021-09,2026-01,Organization,True,False,False,True,1,25,0,0
ctu-vras/ros-utils,85,0,True,2019-02,2026-02,Organization,True,False,False,True,5,657,19,5
cubicleguy/ess_imu_driver2,20,1,False,2023-11,2025-07,User,True,False,False,True,1,21,0,1
cyberbotics/webots_ros2,80,0,True,2019-07,2025-12,Organization,True,True,True,True,42,1629,517,182
damanikjosh/heightmap_spawner,14,0,True,2025-01,2025-09,User,True,False,False,True,1,9,19,4
dfki-ric/better_launch,17,0,True,2024-10,2026-03,Organization,True,True,False,True,11,630,266,23
dtrugman/pfs,61,0,True,2021-02,2026-03,User,True,False,False,True,22,167,121,42
dynamixel-community/dynamixel_hardware,62,0,True,2021-01,2026-01,Organization,True,False,False,True,7,177,153,80
eProsima/Fast-CDR,157,0,True,2013-02,2026-02,Organization,True,True,False,False,46,555,177,122
eProsima/Fast-DDS,145,0,True,2014-02,2026-03,Organization,True,True,False,False,146,6361,2732,895
eProsima/foonathan_memory_vendor,83,0,True,2019-04,2026-02,Organization,True,True,False,True,24,75,33,52
eclipse-cyclonedds/cyclonedds,98,0,True,2018-01,2026-03,Organization,True,True,False,True,92,3541,1182,435
eclipse-ecal/ecal,84,0,True,2019-03,2026-03,Organization,True,True,True,False,48,1539,977,207
eclipse-iceoryx/iceoryx,77,0,True,2019-10,2026-02,Organization,True,True,False,True,88,10009,2020,455
eclipse-zenoh/zenoh-plugin-dds,66,0,True,2020-09,2026-03,Organization,True,True,False,True,31,1009,198,60
enactic/openarm_ros2,13,0,True,2025-02,2026-02,Organization,True,True,True,True,15,118,79,56
ethz-asl/grid_map_geo,47,0,True,2022-04,2026-01,Organization,True,False,False,True,5,74,160,21
facontidavide/PlotJuggler,120,0,True,2016-03,2026-03,User,True,False,False,False,129,2654,5722,761
facontidavide/cloudini,10,0,True,2025-05,2026-03,User,True,False,False,True,13,220,495,28
facontidavide/rosx_introspection,43,0,True,2022-08,2026-03,User,True,False,False,True,9,71,92,22
fawkesrobotics/protobuf_comm,48,1,False,2021-06,2025-06,Organization,True,False,False,True,3,31,1,1
felixdivo/ros2-easy-test,22,1,False,2023-03,2025-01,User,True,False,False,True,6,193,27,5
fictionlab/ros_aruco_opencv,44,0,True,2022-07,2025-12,Organization,True,False,False,True,3,88,29,27
fkie/async_web_server_cpp,136,0,True,2014-11,2026-01,Organization,True,False,False,True,10,112,11,19
fkie/live555_vendor,11,0,True,2025-04,2025-12,Organization,True,False,False,True,1,38,1,0
fkie/message_filters,87,0,True,2018-12,2026-02,Organization,True,False,False,True,2,114,28,4
fkie/potree_rviz_plugin,88,0,True,2018-11,2026-02,Organization,True,False,False,True,1,28,27,6
fkie/rtsp_image_transport,44,1,False,2021-11,2025-07,Organization,True,False,False,True,1,29,14,3
flynneva/bno055,79,0,True,2019-08,2026-02,User,True,True,False,True,11,152,126,64
flynneva/grbl_msgs,6,1,False,2020-09,2021-03,User,True,True,False,True,1,21,0,1
flynneva/grbl_ros,68,0,True,2020-07,2025-09,User,True,True,False,True,1,282,20,13
flynneva/udp_msgs,45,1,False,2020-10,2024-07,User,True,True,False,True,2,28,2,3
fmrico/cascade_lifecycle,72,0,True,2020-03,2026-01,User,True,False,False,True,3,130,81,13
fmrico/popf,119,0,True,2016-04,2026-02,User,True,False,False,False,2,74,23,8
fmrico/yaets,18,0,True,2024-09,2026-02,User,True,True,False,True,2,72,87,2
foxglove/foxglove-sdk,52,0,True,2021-11,2026-03,Organization,True,True,False,False,42,789,194,73
frankarobotics/franka_description,27,0,True,2023-12,2026-02,Organization,True,True,False,True,11,155,104,65
frankarobotics/franka_ros2,54,0,True,2021-09,2026-03,Organization,True,True,False,True,22,531,302,208
frankarobotics/libfranka,110,0,True,2017-01,2026-03,Organization,True,False,False,True,24,1749,380,226
fujitatomoya/rcl_logging_syslog,19,0,True,2024-08,2026-03,User,True,True,False,True,1,58,102,1
fujitatomoya/ros2_persist_parameter_server,76,0,True,2019-11,2026-02,User,True,True,False,True,8,75,115,22
fujitatomoya/ros2ai,28,0,True,2023-11,2026-03,User,True,False,False,True,4,89,313,23
fzi-forschungszentrum-informatik/Lanelet2,89,0,True,2018-10,2026-02,Organization,True,False,False,True,28,600,923,351
gazebo-release/gz_cmake2_vendor,31,1,False,2021-08,2024-03,Organization,False,True,False,True,6,18,2,5
gazebo-release/gz_cmake_vendor,24,0,True,2024-03,2026-02,Organization,False,True,False,True,5,59,0,2
gazebo-release/gz_common_vendor,24,0,True,2024-03,2026-02,Organization,False,True,False,True,5,53,1,2
gazebo-release/gz_dartsim_vendor,11,1,False,2024-03,2025-02,Organization,True,True,False,True,3,20,0,3
gazebo-release/gz_fuel_tools_vendor,24,0,True,2024-03,2025-10,Organization,False,True,False,True,5,34,0,1
gazebo-release/gz_gui_vendor,24,0,True,2024-03,2025-11,Organization,False,True,False,True,5,29,0,3
gazebo-release/gz_launch_vendor,24,0,True,2024-03,2025-10,Organization,False,True,False,True,5,28,0,2
gazebo-release/gz_math6_vendor,38,1,False,2021-08,2024-10,Organization,False,True,False,True,5,17,1,6
gazebo-release/gz_math_vendor,24,0,True,2024-03,2026-01,Organization,False,True,False,True,7,49,1,2
gazebo-release/gz_msgs_vendor,24,0,True,2024-03,2026-02,Organization,False,True,False,True,4,46,0,3
gazebo-release/gz_ogre_next_vendor,28,0,True,2023-11,2026-02,Organization,True,True,False,True,4,31,0,4
gazebo-release/gz_physics_vendor,24,0,True,2024-03,2026-01,Organization,False,True,False,True,5,43,0,1
gazebo-release/gz_plugin_vendor,24,0,True,2024-03,2025-10,Organization,False,True,False,True,5,33,0,1
gazebo-release/gz_rendering_vendor,24,0,True,2024-03,2026-01,Organization,False,True,False,True,4,46,0,2
gazebo-release/gz_sensors_vendor,24,0,True,2024-03,2026-01,Organization,False,True,False,True,5,39,0,1
gazebo-release/gz_sim_vendor,24,0,True,2024-03,2026-02,Organization,False,True,False,True,5,44,0,2
gazebo-release/gz_tools_vendor,24,0,True,2024-03,2025-09,Organization,False,True,False,True,3,25,0,0
gazebo-release/gz_transport_vendor,24,0,True,2024-03,2026-01,Organization,False,True,False,True,5,48,0,2
gazebo-release/gz_utils_vendor,24,0,True,2024-03,2025-09,Organization,False,True,False,True,6,32,0,2
gazebo-release/sdformat_vendor,24,0,True,2024-03,2026-02,Organization,False,True,False,True,7,56,0,1
gazebosim/gz-rviz,52,1,False,2020-02,2024-06,Organization,True,False,False,True,5,81,58,11
gazebosim/ros_gz,91,0,True,2018-08,2026-02,Organization,True,True,False,True,74,587,481,203
gstavrinos/doom_ros,2,1,False,2025-01,2025-03,User,True,False,False,True,3,18,39,3
gstavrinos/odom_to_tf_ros2,56,0,True,2021-07,2026-02,User,True,False,False,True,4,37,10,10
hatchbed/asyncapi_gencpp,5,1,False,2022-02,2022-07,Organization,True,False,False,True,2,12,5,0
hatchbed/hatchbed_common,43,0,True,2022-08,2026-02,Organization,True,False,False,True,2,18,4,3
hatchbed/log_view,56,1,False,2020-11,2025-07,Organization,True,False,False,True,2,20,63,8
hatchbed/opensw,3,1,False,2022-07,2022-10,Organization,True,False,False,True,1,11,5,2
hatchbed/opensw_ros,3,1,False,2022-07,2022-10,Organization,True,False,False,True,1,7,3,2
hbanzhaf/steering_functions,101,0,True,2017-10,2025-12,User,True,True,False,False,5,125,253,107
husarion/husarion_components_description,10,0,True,2025-05,2026-01,Organization,True,False,False,True,6,23,0,3
husarion/husarion_ugv_ros,42,0,True,2022-09,2026-03,Organization,True,False,False,True,14,1377,73,27
husarion/rosbot_ros,95,0,True,2018-04,2026-03,Organization,True,True,False,True,12,555,178,72
iRobotEducation/create3_examples,54,0,True,2021-09,2025-09,Organization,True,False,False,True,6,104,59,18
iRobotEducation/create3_sim,57,0,True,2021-06,2025-10,Organization,True,False,False,True,19,138,126,74
iRobotEducation/irobot_create_msgs,32,1,False,2021-10,2024-06,Organization,True,False,False,True,4,41,36,12
ijnek/nao_button_sim,41,1,False,2022-02,2025-07,User,True,True,False,True,2,43,1,1
ijnek/nao_interfaces,50,1,False,2021-04,2025-06,User,True,True,False,True,2,78,3,1
ijnek/soccer_object_msgs,49,1,False,2021-05,2025-06,User,True,True,False,True,2,64,1,0
ijnek/soccer_visualization,47,1,False,2021-07,2025-06,User,True,True,False,True,2,29,1,0
ika-rwth-aachen/etsi_its_messages,42,0,True,2022-09,2026-03,Organization,True,False,False,True,13,1464,75,23
ika-rwth-aachen/message_tf_frame_transformer,29,1,False,2023-03,2025-08,Organization,True,False,False,True,3,70,19,6
ika-rwth-aachen/mqtt_client,45,0,True,2022-06,2026-02,Organization,True,False,False,True,11,259,274,73
introlab/find-object,164,1,False,2011-10,2025-06,Organization,True,False,False,False,7,381,474,190
introlab/rtabmap,181,0,True,2011-02,2026-03,Organization,True,False,False,False,54,3614,3642,901
introlab/rtabmap_ros,177,0,True,2011-06,2026-03,Organization,True,False,False,False,33,1860,1377,639
ipa320/ros_battery_monitoring,20,0,True,2024-07,2026-02,Organization,True,False,False,True,5,26,9,11
ipa320/rqt_frame_editor_plugin,136,0,True,2014-11,2026-03,Organization,True,False,False,True,9,172,63,20
joshnewans/joy_tester,32,1,False,2022-11,2025-07,User,True,True,False,True,1,10,17,16
joshnewans/twist_stamper,54,1,False,2021-01,2025-07,User,True,True,False,True,4,20,15,13
jrl-umi3218/jrl-cmakemodules,187,0,True,2010-08,2026-03,Organization,True,False,False,False,33,1836,73,57
julianmueller/insight_gui,14,0,True,2025-01,2025-10,User,True,False,False,True,1,136,69,3
justagist/kinematics_interface_pinocchio,19,0,True,2024-08,2026-01,User,True,False,False,True,3,10,19,6
kobuki-base/kobuki_core,159,1,False,2012-02,2025-05,Organization,True,False,False,False,14,1391,20,16
kobuki-base/kobuki_ros,169,0,True,2012-02,2025-09,Organization,True,False,False,False,22,1413,84,43
kobuki-base/kobuki_ros_interfaces,116,1,False,2012-11,2022-07,Organization,True,False,False,False,6,71,8,6
kobuki-base/kobuki_velocity_smoother,74,0,True,2020-01,2026-02,Organization,True,False,False,False,3,31,23,12
koide3/fast_gicp,67,1,False,2020-01,2025-08,User,True,False,False,True,16,168,1593,365
koide3/ndt_omp,101,0,True,2017-10,2025-09,User,True,False,False,True,14,63,829,368
kroshu/kuka-external-control-sdk,26,0,True,2024-01,2026-03,Organization,True,False,False,True,8,131,14,15
kroshu/kuka_drivers,76,0,True,2019-11,2026-03,Organization,True,True,False,False,15,869,152,36
kroshu/kuka_robot_descriptions,45,0,True,2022-06,2026-02,Organization,True,True,False,True,14,199,74,34
lgsvl/lgsvl_msgs,24,1,False,2018-12,2020-12,Organization,True,False,False,True,5,27,9,22
locusrobotics/fuse,92,0,True,2018-07,2026-03,Organization,True,False,False,True,15,364,850,133
locusrobotics/tf2_2d,91,0,True,2018-08,2026-03,Organization,True,False,False,True,5,97,10,10
luxonis/depthai-core,72,0,True,2020-03,2026-03,Organization,True,False,False,True,82,12072,315,167
luxonis/depthai-ros,68,0,True,2020-07,2026-02,Organization,True,False,False,True,22,321,331,236
ma-shangao/at_sonde_ros_driver,11,0,True,2025-04,2026-02,User,True,True,False,True,2,27,2,0
marcosvcr/hokuyo_node2,1,1,False,2025-04,2025-05,User,True,False,False,True,1,17,0,0
mavlink/mavlink-gbp-release,141,0,True,2014-06,2025-09,Organization,True,False,False,False,10,1165,26,84
mavlink/mavros,147,0,True,2013-12,2026-02,Organization,True,True,False,False,153,3077,1124,1078
micro-ROS/micro_ros_diagnostics,54,1,False,2020-12,2025-06,Organization,True,True,False,True,3,104,10,8
micro-ROS/micro_ros_msgs,63,0,True,2020-12,2025-09,Organization,True,True,False,True,5,17,13,23
micro-ROS/system_modes,87,0,True,2018-12,2025-12,Organization,True,True,False,True,6,124,46,13
mikeferguson/grasping_msgs,123,1,False,2014-06,2024-09,User,True,False,False,False,2,15,1,6
mikeferguson/robot_calibration,136,0,True,2014-11,2026-02,User,True,False,False,False,9,313,449,127
mikeferguson/simple_grasping,132,0,True,2015-03,2026-01,User,True,False,False,False,2,35,61,37
modular-ml/wrapyfi_ros2_interfaces,1,1,False,2024-01,2024-01,Organization,True,False,False,True,1,13,1,0
moveit/geometric_shapes,163,0,True,2012-08,2026-01,Organization,True,True,False,False,44,407,59,95
moveit/moveit2,173,0,True,2011-10,2026-03,Organization,True,True,True,True,311,9458,1693,720
moveit/moveit_msgs,167,0,True,2012-04,2025-12,Organization,True,True,False,True,31,279,57,143
moveit/moveit_resources,159,0,True,2012-12,2026-01,Organization,True,False,False,False,30,178,98,140
moveit/moveit_task_constructor,109,0,True,2017-02,2026-03,Organization,True,False,False,False,35,1432,254,176
moveit/moveit_visual_tools,143,0,True,2014-04,2026-02,Organization,True,True,False,False,25,394,169,113
moveit/py_binding_tools,24,0,True,2024-03,2026-02,Organization,True,False,False,True,1,17,6,2
moveit/random_numbers,156,1,False,2012-06,2025-06,Organization,True,True,False,False,19,73,9,35
moveit/srdfdom,165,0,True,2012-06,2025-12,Organization,True,False,False,False,32,201,22,74
moveit/warehouse_ros,161,0,True,2012-10,2026-02,Organization,True,False,False,False,18,111,37,44
moveit/warehouse_ros_mongo,153,1,False,2012-10,2025-07,Organization,True,False,False,False,16,135,17,35
moveit/warehouse_ros_sqlite,65,0,True,2020-10,2026-02,Organization,True,True,False,True,6,69,16,12
mrpt-ros-pkg/mrpt_msgs,183,0,True,2010-12,2025-10,Organization,True,True,False,True,9,147,6,3
mrpt-ros-pkg/mrpt_navigation,183,0,True,2010-12,2026-02,Organization,True,False,False,False,18,851,208,101
mrpt-ros-pkg/mrpt_sensors,100,0,True,2017-11,2026-02,Organization,True,False,False,True,2,102,8,1
mrpt-ros-pkg/pose_cov_ops,127,1,False,2014-12,2025-07,Organization,True,True,False,False,5,135,17,6
namo-robotics/aruco_markers,14,0,True,2025-01,2026-01,Organization,True,False,False,True,1,35,4,2
naturerobots/move_base_flex,104,0,True,2017-07,2026-03,Organization,True,False,False,False,25,743,525,179
neobotix/neo_nav2_bringup,53,0,True,2021-10,2026-01,Organization,True,False,False,True,2,30,6,8
ngmor/catch_ros2,34,0,True,2023-05,2025-09,User,True,True,False,True,1,73,18,3
niwcpac/rqt_dotgraph,61,0,True,2021-02,2025-09,Organization,True,False,False,True,2,35,7,2
nlamprian/gazebo_video_monitors,45,1,False,2020-04,2024-01,User,True,False,False,True,2,41,28,4
nobleo/boost_sml_vendor,21,0,True,2024-06,2026-02,Organization,False,False,False,True,1,4,0,0
nobleo/nobleo_socketcan_bridge,23,0,True,2024-04,2026-02,Organization,True,False,False,True,5,34,9,3
nobleo/ros2_fmt_logger,8,0,True,2025-07,2026-02,Organization,True,False,False,True,2,61,41,0
nobleo/rviz_satellite,138,0,True,2014-09,2026-01,Organization,True,False,False,False,29,200,653,265
norlab-ulaval/libnabo,186,0,True,2010-09,2025-11,Organization,True,False,False,False,25,386,480,152
norlab-ulaval/libpointmatcher,182,0,True,2011-01,2025-10,Organization,True,False,False,False,63,1985,1791,566
novatel/novatel_oem7_driver,72,0,True,2020-03,2026-03,Organization,True,False,False,True,4,107,120,68
oKermorgant/simple_launch,69,0,True,2020-06,2026-02,User,True,False,False,True,4,178,95,9
oKermorgant/slider_publisher,62,1,False,2017-10,2022-12,User,True,False,False,True,1,48,18,9
ompl/ompl,212,0,True,2008-07,2026-03,Organization,True,False,False,False,98,5204,1967,671
open-navigation/opennav_docking,26,0,True,2024-01,2026-01,Organization,True,False,False,True,9,111,137,49
open-rmf/ament_cmake_catch2,70,1,False,2019-08,2025-06,Organization,True,False,False,True,7,21,2,3
open-rmf/menge_vendor,60,1,False,2020-06,2025-06,Organization,True,False,False,True,5,17,3,5
open-rmf/nlohmann_json_schema_validator_vendor,44,1,False,2021-10,2025-06,Organization,True,False,False,True,5,25,0,3
open-rmf/rmf_api_msgs,45,1,False,2021-09,2025-06,Organization,True,False,False,True,11,46,2,9
open-rmf/rmf_battery,70,1,False,2019-08,2025-06,Organization,True,False,False,True,12,64,4,7
open-rmf/rmf_building_map_msgs,67,1,False,2019-11,2025-06,Organization,True,False,False,True,7,28,2,4
open-rmf/rmf_cmake_uncrustify,22,1,False,2019-08,2021-06,Organization,True,False,False,True,5,13,0,1
open-rmf/rmf_demos,73,0,True,2020-02,2026-02,Organization,True,True,False,True,31,498,476,141
open-rmf/rmf_internal_msgs,71,1,False,2019-08,2025-07,Organization,True,True,False,True,16,170,14,28
open-rmf/rmf_ros2,79,0,True,2019-08,2026-03,Organization,True,True,False,True,29,630,104,89
open-rmf/rmf_simulation,64,0,True,2020-11,2026-03,Organization,True,True,False,True,14,110,18,24
open-rmf/rmf_task,79,0,True,2019-08,2026-02,Organization,True,False,False,True,14,134,26,25
open-rmf/rmf_traffic,79,0,True,2019-08,2026-02,Organization,True,True,False,True,18,520,33,33
open-rmf/rmf_traffic_editor,77,0,True,2019-10,2025-09,Organization,True,False,False,True,31,1025,160,75
open-rmf/rmf_utils,71,1,False,2019-08,2025-07,Organization,True,True,False,True,11,95,1,9
open-rmf/rmf_variants,12,1,False,2023-06,2024-06,Organization,True,False,False,True,1,8,0,0
open-rmf/rmf_visualization,76,0,True,2019-11,2026-01,Organization,True,False,False,True,16,305,26,20
open-rmf/rmf_visualization_msgs,67,1,False,2019-11,2025-06,Organization,False,False,False,True,5,19,2,4
open-rmf/stubborn_buddies,45,1,False,2021-04,2025-01,Organization,True,False,False,True,2,9,1,1
orbbec/OrbbecSDK_ROS2,45,0,True,2022-06,2026-03,Organization,True,False,False,True,10,1248,249,127
osrf/nodl_to_policy,49,1,False,2021-06,2025-07,Organization,True,True,False,True,3,44,0,1
osrf/osrf_pycommon,142,0,True,2014-05,2026-01,Organization,True,False,False,False,21,196,8,21
osrf/osrf_testing_tools_cpp,107,0,True,2017-04,2026-01,Organization,True,False,False,True,22,123,38,33
osrf/ros2launch_security,7,1,False,2021-01,2021-08,Organization,False,True,False,True,3,24,2,3
ouster-lidar/ouster-ros,94,0,True,2018-05,2026-03,Organization,True,False,False,True,19,174,184,221
p2p-industries/hyveos_ros,1,1,False,2025-01,2025-01,Organization,True,False,False,True,2,6,0,0
p2p-industries/hyveos_ros_msgs,1,1,False,2025-01,2025-01,Organization,True,False,False,True,1,7,0,0
pal-robotics/aruco_ros,145,0,True,2014-02,2025-12,Organization,True,False,False,False,19,196,572,339
pal-robotics/backward_ros,156,0,True,2013-03,2026-01,Organization,True,False,False,True,26,196,240,34
pal-robotics/hey5_description,110,1,False,2014-10,2023-12,Organization,True,True,False,False,6,92,3,2
pal-robotics/launch_pal,61,0,True,2021-02,2026-03,Organization,True,True,False,True,16,355,3,6
pal-robotics/mujoco_vendor,20,0,True,2024-07,2026-03,Organization,True,False,False,True,2,36,11,1
pal-robotics/omni_base_navigation,54,0,True,2021-09,2026-02,Organization,False,False,False,True,4,293,0,1
pal-robotics/omni_base_robot,54,0,True,2021-09,2026-01,Organization,False,False,False,True,6,345,10,11
pal-robotics/omni_base_simulation,54,0,True,2021-09,2025-12,Organization,True,False,False,True,4,169,8,2
pal-robotics/pal_gazebo_plugins,155,0,True,2013-04,2026-01,Organization,True,True,False,False,9,175,2,22
pal-robotics/pal_gazebo_worlds,101,0,True,2017-10,2026-01,Organization,False,True,False,True,7,333,19,13
pal-robotics/pal_gripper,117,0,True,2016-06,2026-02,Organization,True,False,False,False,12,206,5,12
pal-robotics/pal_hey5,128,1,False,2014-10,2025-06,Organization,True,True,False,True,11,124,3,1
pal-robotics/pal_maps,23,0,True,2024-04,2025-12,Organization,False,True,False,True,0,45,1,2
pal-robotics/pal_navigation_cfg_public,53,1,False,2019-06,2023-11,Organization,False,False,False,True,8,142,0,6
pal-robotics/pal_pro_gripper,33,0,True,2023-06,2026-02,Organization,True,False,False,True,12,255,0,1
pal-robotics/pal_robotiq_gripper,25,1,False,2021-04,2023-05,Organization,False,False,False,True,5,155,3,2
pal-robotics/pal_sea_arm,39,0,True,2022-12,2026-02,Organization,False,False,False,True,13,480,1,1
pal-robotics/pal_sea_arm_moveit_config,19,1,False,2023-09,2025-04,Organization,True,True,False,True,7,52,0,2
pal-robotics/pal_sea_arm_simulation,30,0,True,2023-09,2025-10,Organization,True,False,False,True,7,37,0,0
pal-robotics/pal_statistics,105,0,True,2017-06,2026-02,Organization,True,False,False,True,9,337,66,15
pal-robotics/pal_urdf_utils,95,0,True,2018-04,2026-01,Organization,False,True,False,True,10,143,1,4
pal-robotics/play_motion2,41,0,True,2022-10,2026-02,Organization,True,False,False,True,8,407,31,10
pal-robotics/play_motion_builder,66,0,True,2020-09,2026-01,Organization,True,False,False,True,6,62,20,3
pal-robotics/pmb2_navigation,169,0,True,2012-02,2026-02,Organization,False,False,False,False,13,1020,4,5
pal-robotics/pmb2_robot,174,0,True,2011-09,2026-01,Organization,True,False,False,False,19,1009,23,24
pal-robotics/pmb2_simulation,174,0,True,2011-09,2025-12,Organization,True,True,False,False,14,549,8,4
pal-robotics/talos_moveit_config,100,1,False,2016-10,2025-02,Organization,False,False,False,True,5,54,1,1
pal-robotics/talos_robot,116,0,True,2016-07,2026-02,Organization,False,False,False,True,16,889,25,18
pal-robotics/talos_simulation,116,0,True,2016-07,2025-09,Organization,False,False,False,True,7,165,8,2
pal-robotics/tiago_moveit_config,136,0,True,2014-11,2026-01,Organization,True,True,False,False,14,291,6,17
pal-robotics/tiago_navigation,169,0,True,2012-02,2025-12,Organization,False,False,False,False,14,808,6,12
pal-robotics/tiago_pro_head_robot,17,0,True,2024-10,2025-12,Organization,False,False,False,True,8,110,0,1
pal-robotics/tiago_pro_head_simulation,17,0,True,2024-10,2025-10,Organization,False,False,False,True,3,18,1,0
pal-robotics/tiago_pro_moveit_config,39,0,True,2022-12,2026-02,Organization,False,True,False,True,12,135,0,3
pal-robotics/tiago_pro_navigation,25,0,True,2024-02,2025-12,Organization,False,False,False,True,2,131,0,0
pal-robotics/tiago_pro_robot,39,0,True,2022-12,2026-02,Organization,False,False,False,True,13,816,5,2
pal-robotics/tiago_pro_simulation,39,0,True,2022-12,2026-02,Organization,False,False,False,True,11,188,1,2
pal-robotics/tiago_robot,137,0,True,2014-10,2026-01,Organization,True,False,False,False,20,1495,64,48
pal-robotics/tiago_simulation,136,0,True,2014-11,2026-02,Organization,True,False,False,False,22,569,89,49
pal-robotics/urdf_test,104,0,True,2017-07,2026-03,Organization,True,True,False,True,4,48,1,0
pantor/ruckig,63,0,True,2020-12,2026-03,User,True,False,False,False,15,561,1141,233
polymathrobotics/replay_testing,16,0,True,2024-11,2026-02,Organization,True,False,False,True,5,65,26,3
pradyum/dual_laser_merger,16,0,True,2024-11,2026-03,User,True,True,False,True,1,64,18,11
qleonardolp/kinematic_pose_msgs,1,1,False,2025-06,2025-06,User,True,True,False,True,1,4,0,0
realsenseai/librealsense,128,0,True,2015-07,2026-03,Organization,True,True,True,False,303,21139,8543,4970
realsenseai/realsense-ros,120,0,True,2016-03,2026-03,Organization,True,True,False,False,92,2156,3222,1943
reductstore/reductstore_agent,11,0,True,2025-04,2026-02,Organization,True,True,False,True,4,318,12,1
rfzeg/wall_follower_ros2,17,1,False,2022-07,2023-12,User,True,False,False,True,1,18,3,2
roboception/rc_common_msgs_ros2,63,1,False,2020-03,2025-06,Organization,True,False,False,True,2,15,0,0
roboception/rc_dynamics_api,85,1,False,2017-02,2024-03,Organization,True,False,False,True,6,158,3,2
roboception/rc_genicam_api,109,0,True,2017-02,2026-01,Organization,True,False,False,False,7,435,136,45
roboception/rc_genicam_driver_ros2,62,0,True,2021-01,2026-02,Organization,True,False,False,True,4,63,6,1
roboception/rc_reason_clients_ros2,70,0,True,2020-05,2026-02,Organization,True,False,False,True,5,91,2,0
roboception/rcdiscover,86,1,False,2017-05,2024-07,Organization,True,False,False,False,4,260,12,8
robosoft-ai/SMACC2,66,0,True,2020-09,2026-02,Organization,True,True,False,True,8,477,342,48
robosoft-ai/ai_prompt_msgs,1,1,False,2024-06,2024-07,Organization,True,False,False,True,2,9,0,3
robosoft-ai/robosoft_openai,13,1,False,2024-06,2025-07,Organization,True,False,False,True,2,9,4,4
robotic-esp/canboat_vendor,3,1,False,2025-05,2025-08,Organization,True,False,False,True,1,36,1,0
robotont/robotont_driver,73,0,True,2020-02,2026-02,Organization,True,False,False,True,12,143,2,3
robotraconteur/robotraconteur,90,0,True,2018-09,2026-03,Organization,True,False,False,True,3,1169,75,11
robotraconteur/robotraconteur_companion,79,0,True,2019-08,2026-02,Organization,True,False,False,True,3,123,1,2
ros-acceleration/adaptive_component,42,1,False,2021-11,2025-05,Organization,True,False,False,True,2,15,12,6
ros-acceleration/ament_hardware_acceleration,12,1,False,2021-10,2022-10,Organization,True,False,False,True,1,4,0,2
ros-acceleration/ament_vitis,30,1,False,2021-02,2023-08,Organization,True,False,False,True,1,46,9,9
ros-acceleration/ros2acceleration,47,1,False,2021-08,2025-07,Organization,True,False,False,True,1,12,0,3
ros-acceleration/tracetools_acceleration,7,1,False,2021-10,2022-05,Organization,True,False,False,True,2,12,0,3
ros-acceleration/vitis_common,12,1,False,2021-09,2022-09,Organization,False,False,False,True,2,19,0,6
ros-controls/control_msgs,183,0,True,2010-12,2026-03,Organization,True,False,False,False,35,257,72,78
ros-controls/control_toolbox,159,0,True,2012-12,2026-03,Organization,True,False,False,True,42,512,172,119
ros-controls/gz_ros2_control,60,0,True,2021-03,2026-03,Organization,True,False,False,True,45,353,229,141
ros-controls/kinematics_interface,45,0,True,2022-06,2026-03,Organization,True,False,False,True,13,147,43,22
ros-controls/mujoco_ros2_control,10,0,True,2025-05,2026-03,Organization,True,False,False,True,13,208,127,21
ros-controls/realtime_tools,159,0,True,2012-12,2026-03,Organization,True,False,False,True,35,415,178,93
ros-controls/ros2_control,102,0,True,2017-09,2026-03,Organization,True,False,False,True,136,1311,814,404
ros-controls/ros2_control_cmake,13,0,True,2025-02,2026-03,Organization,True,False,False,True,3,36,3,4
ros-controls/ros2_controllers,102,0,True,2017-09,2026-03,Organization,True,False,False,True,140,1007,676,457
ros-controls/topic_based_hardware_interfaces,9,0,True,2025-06,2026-03,Organization,True,False,False,True,6,44,7,3
ros-drivers/ackermann_msgs,161,1,False,2012-02,2025-07,Organization,True,False,False,False,5,37,44,37
ros-drivers/axis_camera,161,0,True,2012-10,2025-11,Organization,True,False,False,False,13,122,58,78
ros-drivers/flir_camera_driver,94,0,True,2018-05,2026-02,Organization,True,False,False,True,23,245,194,179
ros-drivers/four_wheel_steering_msgs,56,1,False,2017-04,2021-12,Organization,True,False,False,False,3,10,12,8
ros-drivers/gscam,191,0,True,2010-04,2026-02,Organization,True,False,False,False,10,108,161,191
ros-drivers/joystick_drivers,201,0,True,2009-06,2026-03,Organization,True,False,False,False,37,540,262,321
ros-drivers/mocap_optitrack,179,0,True,2011-04,2025-09,Organization,False,False,False,True,11,82,111,149
ros-drivers/nmea_msgs,143,1,False,2013-07,2025-06,Organization,True,False,False,False,7,24,37,28
ros-drivers/nmea_navsat_driver,152,0,True,2013-07,2026-02,Organization,True,False,False,False,16,70,274,299
ros-drivers/openni2_camera,155,0,True,2013-04,2025-11,Organization,True,False,False,False,27,244,67,101
ros-drivers/phidgets_drivers,164,0,True,2012-07,2025-10,Organization,True,False,False,False,23,399,50,62
ros-drivers/ros2_ouster_drivers,56,1,False,2019-12,2024-08,User,True,False,False,True,16,88,147,82
ros-drivers/transport_drivers,79,0,True,2019-08,2026-02,Organization,True,True,False,True,12,91,116,78
ros-drivers/urg_c,135,1,False,2010-05,2021-08,Organization,True,False,False,False,7,282,12,32
ros-drivers/urg_node,147,1,False,2013-02,2025-05,Organization,True,False,False,False,14,124,116,156
ros-drivers/urg_node_msgs,88,1,False,2017-06,2024-10,Organization,True,False,False,True,7,23,1,6
ros-drivers/usb_cam,164,0,True,2012-07,2026-03,Organization,True,True,False,False,39,494,683,673
ros-drivers/velodyne,194,0,True,2010-01,2026-01,Organization,True,True,False,False,52,721,711,684
ros-drivers/zbar_ros,134,0,True,2015-01,2025-11,Organization,True,False,False,False,9,79,60,60
ros-event-camera/event_camera_codecs,42,0,True,2022-09,2026-01,Organization,True,True,False,True,2,72,4,4
ros-event-camera/event_camera_msgs,46,0,True,2022-05,2025-12,Organization,True,True,False,True,1,21,12,3
ros-event-camera/event_camera_py,41,0,True,2022-10,2025-11,Organization,True,True,False,True,3,70,10,3
ros-event-camera/event_camera_renderer,42,0,True,2022-09,2025-12,Organization,True,True,False,True,2,49,15,7
ros-event-camera/event_camera_tools,44,0,True,2022-07,2026-02,Organization,True,True,False,True,3,75,9,4
ros-event-camera/frequency_cam,42,0,True,2022-09,2025-11,Organization,True,True,False,True,1,61,22,5
ros-event-camera/libcaer_driver,28,0,True,2023-11,2025-12,Organization,True,True,False,True,3,53,8,5
ros-event-camera/libcaer_vendor,1,1,False,2024-05,2024-05,Organization,True,False,False,True,1,2,0,1
ros-event-camera/metavision_driver,56,0,True,2021-07,2026-02,Organization,True,True,False,True,5,203,60,17
ros-event-camera/openeb_vendor,22,0,True,2024-05,2025-12,Organization,True,False,False,True,1,13,0,0
ros-geographic-info/geographic_info,177,0,True,2011-06,2026-02,Organization,True,False,False,False,12,218,77,67
ros-industrial/reach,108,0,True,2017-03,2025-10,Organization,True,False,False,True,9,206,106,28
ros-industrial/reach_ros2,108,0,True,2017-03,2025-09,Organization,True,False,False,True,11,270,31,14
ros-industrial/ros2_canopen,50,0,True,2022-01,2026-03,Organization,True,False,False,True,29,688,248,114
ros-industrial/ros_canopen,131,1,False,2014-05,2025-04,Organization,True,True,False,False,24,1139,371,280
ros-industrial/stomp,151,0,True,2013-08,2026-01,Organization,True,True,False,True,21,670,29,8
ros-industrial/ur_msgs,140,0,True,2014-07,2026-03,Organization,True,True,False,True,11,91,23,36
ros-misc-utilities/apriltag_detector,39,0,True,2022-12,2025-12,Organization,True,False,False,True,3,28,20,7
ros-misc-utilities/apriltag_mit,152,1,False,2012-10,2025-06,Organization,True,False,False,True,2,35,7,2
ros-misc-utilities/ffmpeg_encoder_decoder,19,0,True,2024-08,2025-11,Organization,True,True,False,True,2,24,10,6
ros-misc-utilities/ffmpeg_image_transport,37,0,True,2023-02,2025-10,Organization,True,True,False,True,7,68,125,36
ros-misc-utilities/ffmpeg_image_transport_msgs,37,0,True,2023-02,2025-10,Organization,True,True,False,True,1,13,0,4
ros-misc-utilities/ffmpeg_image_transport_tools,17,1,False,2024-03,2025-08,Organization,True,True,False,True,1,31,7,4
ros-misc-utilities/flex_sync,14,1,False,2024-03,2025-05,Organization,True,True,False,True,1,13,26,3
ros-misc-utilities/foxglove_compressed_video_transport,19,0,True,2024-08,2025-10,Organization,True,True,False,True,4,12,11,9
ros-naoqi/nao_meshes2,20,1,False,2022-09,2024-05,Organization,True,False,False,True,3,18,2,1
ros-naoqi/naoqi_bridge_msgs2,34,1,False,2022-09,2025-07,Organization,True,False,False,True,2,16,2,3
ros-naoqi/naoqi_driver2,134,0,True,2015-01,2026-02,Organization,True,False,False,True,20,962,18,16
ros-naoqi/pepper_meshes2,32,1,False,2022-09,2025-05,Organization,True,False,False,True,2,20,3,2
ros-navigation/nav2_minimal_turtlebot_simulation,22,0,True,2024-05,2025-10,Organization,True,False,False,True,8,30,25,19
ros-navigation/navigation2,93,0,True,2018-06,2026-03,Organization,True,True,False,True,344,3476,3945,1728
ros-perception/depthimage_to_laserscan,159,0,True,2012-12,2026-02,Organization,True,True,False,False,11,83,292,185
ros-perception/image_common,198,0,True,2009-09,2026-03,Organization,False,False,False,False,68,534,145,245
ros-perception/image_pipeline,199,0,True,2009-08,2026-02,Organization,True,True,False,True,117,1248,930,774
ros-perception/image_transport_plugins,198,0,True,2009-09,2026-01,Organization,True,False,False,False,31,277,74,134
ros-perception/imu_pipeline,159,0,True,2012-12,2025-09,Organization,True,False,False,False,13,76,126,49
ros-perception/laser_filters,198,0,True,2009-09,2026-01,Organization,False,False,False,False,49,392,218,219
ros-perception/laser_geometry,198,0,True,2009-09,2025-11,Organization,False,True,False,False,37,199,162,118
ros-perception/laser_proc,146,1,False,2013-03,2025-05,Organization,True,False,False,False,5,24,8,18
ros-perception/pcl_msgs,160,0,True,2012-11,2026-02,Organization,True,False,False,False,9,27,11,26
ros-perception/perception_open3d,68,0,True,2020-07,2025-11,Organization,True,False,False,True,5,13,170,35
ros-perception/perception_pcl,162,0,True,2012-09,2026-02,Organization,True,False,False,False,68,468,465,368
ros-perception/point_cloud_transport,80,0,True,2019-07,2026-02,Organization,True,True,False,True,14,205,102,16
ros-perception/pointcloud_to_laserscan,129,0,True,2015-06,2025-10,Organization,True,False,False,False,10,41,559,365
ros-perception/vision_msgs,106,0,True,2017-05,2026-01,Organization,True,True,False,False,21,122,179,85
ros-perception/vision_opencv,201,0,True,2009-06,2025-12,Organization,True,False,False,False,61,844,649,640
ros-planning/navigation_msgs,161,0,True,2012-10,2026-01,Organization,True,False,False,False,16,60,45,51
ros-simulation/simulation_interfaces,15,0,True,2024-12,2026-03,Organization,True,False,False,True,9,44,126,14
ros-sports/game_controller_spl,38,1,False,2022-05,2025-07,Organization,True,True,False,True,3,117,4,3
ros-sports/nao_lola,43,1,False,2021-07,2025-02,Organization,True,True,False,True,2,111,11,8
ros-sports/r2r_spl,45,0,True,2022-06,2025-11,Organization,True,True,False,True,2,68,2,1
ros-sports/rcss3d_agent,41,1,False,2022-01,2025-06,Organization,True,True,False,True,3,97,4,1
ros-sports/rcss3d_nao,41,1,False,2022-01,2025-06,Organization,True,True,False,True,2,75,3,1
ros-sports/ros_image_to_qimage,51,0,True,2021-12,2026-02,Organization,True,True,False,True,2,69,3,6
ros-sports/rqt_image_overlay,53,0,True,2021-10,2026-02,Organization,True,True,False,True,5,198,13,6
ros-sports/soccer_interfaces,41,1,False,2021-09,2025-02,Organization,True,False,False,True,4,124,10,3
ros-sports/soccer_vision_3d_rviz_markers,32,1,False,2022-06,2025-02,Organization,True,True,False,True,5,77,4,2
ros-sports/vision_msgs_layers,38,1,False,2022-04,2025-06,Organization,True,True,False,True,2,32,2,1
ros-teleop/teleop_tools,151,0,True,2013-08,2026-01,Organization,True,False,False,True,29,191,222,157
ros-teleop/twist_mux,136,0,True,2014-11,2026-03,Organization,True,True,False,False,11,52,72,118
ros-teleop/twist_mux_msgs,104,1,False,2014-11,2023-07,Organization,True,True,False,False,2,19,2,8
ros-tooling/graph-monitor,17,0,True,2024-10,2026-02,Organization,True,False,False,True,3,48,31,6
ros-tooling/keyboard_handler,58,0,True,2021-05,2026-02,Organization,True,True,False,True,14,75,13,7
ros-tooling/launch_frontend_py,10,0,True,2025-05,2025-10,Organization,True,True,False,True,1,15,14,0
ros-tooling/libstatistics_collector,71,0,True,2020-04,2026-03,Organization,True,True,False,True,22,176,38,23
ros-tooling/rosbag2_broll,29,0,True,2023-10,2025-11,Organization,True,False,False,True,2,26,2,1
ros-tooling/topic_tools,59,0,True,2021-04,2025-12,Organization,True,True,False,True,25,86,126,46
ros-tracing/tracetools_analysis,81,0,True,2019-06,2025-11,Organization,True,False,False,True,4,534,28,16
ros-visualization/interactive_marker_twist_server,171,1,False,2011-02,2025-05,Organization,True,True,False,False,15,209,5,25
ros-visualization/interactive_markers,178,0,True,2011-05,2025-11,Organization,False,True,False,False,32,216,40,64
ros-visualization/python_qt_binding,170,0,True,2012-01,2026-02,Organization,True,True,False,False,34,226,34,62
ros-visualization/qt_gui_core,173,0,True,2011-10,2026-02,Organization,False,False,False,False,45,890,40,82
ros-visualization/rqt,173,0,True,2011-10,2026-03,Organization,False,False,False,False,30,1111,74,75
ros-visualization/rqt_action,173,0,True,2011-10,2025-09,Organization,False,False,False,False,17,129,1,5
ros-visualization/rqt_bag,173,0,True,2011-10,2026-03,Organization,False,False,False,False,44,431,32,58
ros-visualization/rqt_common_plugins,162,1,False,2011-10,2025-04,Organization,False,False,False,False,51,1424,46,133
ros-visualization/rqt_console,173,0,True,2011-10,2026-02,Organization,False,True,False,False,20,331,1,20
ros-visualization/rqt_graph,173,0,True,2011-10,2026-02,Organization,False,True,False,False,34,252,30,33
ros-visualization/rqt_image_view,173,0,True,2011-10,2026-02,Organization,False,True,False,False,33,235,28,65
ros-visualization/rqt_moveit,163,1,False,2011-10,2025-05,Organization,False,False,False,False,7,125,0,3
ros-visualization/rqt_msg,173,0,True,2011-10,2026-02,Organization,False,False,False,False,16,186,0,8
ros-visualization/rqt_plot,173,0,True,2011-10,2026-02,Organization,False,True,False,False,35,334,16,47
ros-visualization/rqt_publisher,173,0,True,2011-10,2026-03,Organization,False,True,False,False,26,236,3,22
ros-visualization/rqt_py_console,173,0,True,2011-10,2025-10,Organization,False,True,False,False,16,175,1,9
ros-visualization/rqt_reconfigure,173,0,True,2011-10,2026-02,Organization,False,True,False,False,35,344,26,53
ros-visualization/rqt_robot_dashboard,161,0,True,2012-10,2026-01,Organization,True,False,False,False,12,150,12,9
ros-visualization/rqt_robot_monitor,156,1,False,2012-07,2025-07,Organization,False,False,False,False,11,208,12,21
ros-visualization/rqt_robot_steering,164,0,True,2012-07,2025-12,Organization,True,True,False,False,12,110,12,29
ros-visualization/rqt_runtime_monitor,151,1,False,2012-10,2025-05,Organization,False,False,False,False,10,106,6,14
ros-visualization/rqt_service_caller,173,0,True,2011-10,2026-02,Organization,False,True,False,False,20,173,9,11
ros-visualization/rqt_shell,173,0,True,2011-10,2025-09,Organization,False,True,False,False,18,173,0,8
ros-visualization/rqt_srv,173,0,True,2011-10,2025-09,Organization,False,False,False,False,13,151,0,5
ros-visualization/rqt_tf_tree,164,0,True,2012-07,2025-09,Organization,False,False,False,False,10,138,15,22
ros-visualization/rqt_topic,173,0,True,2011-10,2026-01,Organization,False,True,False,False,21,223,4,22
ros-visualization/tango_icons_vendor,87,0,True,2018-12,2025-10,Organization,False,True,False,True,8,34,1,2
ros/angles,164,0,True,2012-07,2026-02,Organization,True,False,False,False,15,82,67,48
ros/bond_core,198,0,True,2009-09,2026-02,Organization,True,False,False,False,26,585,42,72
ros/class_loader,163,0,True,2012-08,2026-02,Organization,True,True,False,False,35,299,43,96
ros/diagnostics,211,0,True,2008-08,2026-02,Organization,True,False,False,False,61,1178,148,202
ros/eigen_stl_containers,151,1,False,2012-08,2025-03,Organization,False,False,False,False,8,40,6,13
ros/executive_smach,178,1,False,2010-07,2025-05,Organization,True,False,False,False,26,241,182,148
ros/filters,198,0,True,2009-09,2025-09,Organization,True,False,False,False,21,181,43,55
ros/geometry_tutorials,178,1,False,2010-09,2025-07,Organization,False,True,False,False,18,148,36,54
ros/joint_state_publisher,198,0,True,2009-09,2026-02,Organization,False,False,False,True,48,818,59,93
ros/kdl_parser,198,0,True,2009-09,2025-10,Organization,True,True,False,False,48,825,82,79
ros/pluginlib,198,0,True,2009-09,2026-02,Organization,False,True,False,False,41,361,64,105
ros/resource_retriever,198,0,True,2009-09,2026-02,Organization,False,False,False,False,25,219,11,42
ros/robot_state_publisher,163,0,True,2012-08,2026-01,Organization,True,True,False,False,49,257,115,180
ros/ros_environment,90,1,False,2018-01,2025-07,Organization,False,True,False,True,10,40,2,20
ros/ros_tutorials,198,0,True,2009-09,2026-02,Organization,False,False,False,False,36,399,910,577
ros/sdformat_urdf,70,0,True,2020-05,2026-02,Organization,True,False,False,True,10,43,50,16
ros/urdf_launch,34,0,True,2023-05,2026-02,Organization,True,False,False,True,3,18,41,13
ros/urdf_parser_py,168,0,True,2012-03,2026-01,Organization,True,False,False,False,23,140,106,56
ros/urdf_sim_tutorial,106,0,True,2017-05,2025-11,Organization,True,False,False,True,5,22,92,49
ros/urdf_tutorial,187,0,True,2010-08,2026-02,Organization,True,False,False,False,17,97,287,271
ros/urdfdom,198,0,True,2009-09,2026-03,Organization,True,False,False,False,45,824,122,148
ros/xacro,198,0,True,2009-09,2026-02,Organization,True,False,False,False,36,612,113,105
ros2-gbp/mavlink-gbp-release,141,0,True,2014-06,2025-12,Organization,True,False,False,True,12,1294,1,5
ros2-rust/rosidl_rust,97,0,True,2018-02,2026-03,Organization,True,False,False,True,13,66,1,10
ros2/ament_cmake_ros,110,0,True,2017-01,2025-12,Organization,False,True,False,True,25,89,7,13
ros2/common_interfaces,129,0,True,2015-06,2026-03,Organization,True,False,False,True,58,308,341,145
ros2/console_bridge_vendor,84,1,False,2018-07,2025-07,Organization,True,True,False,True,16,53,1,11
ros2/demos,128,0,True,2015-07,2026-03,Organization,True,True,False,True,82,771,615,354
ros2/domain_bridge,61,0,True,2021-02,2025-12,Organization,True,True,False,True,8,58,81,19
ros2/eigen3_cmake_module,72,1,False,2019-07,2025-07,Organization,True,True,False,True,9,22,16,3
ros2/example_interfaces,121,1,False,2015-06,2025-07,Organization,True,True,False,True,18,78,80,32
ros2/examples,140,0,True,2014-07,2026-03,Organization,True,True,False,True,47,577,894,354
ros2/geometry2,198,0,True,2009-09,2026-02,Organization,False,False,False,True,146,1873,146,237
ros2/launch,132,0,True,2015-03,2026-03,Organization,True,True,False,True,82,640,151,163
ros2/launch_ros,132,0,True,2015-03,2026-03,Organization,False,True,False,True,71,509,78,94
ros2/libyaml_vendor,94,0,True,2018-05,2025-12,Organization,True,True,False,True,22,73,3,17
ros2/message_filters,185,0,True,2010-10,2026-03,Organization,True,True,False,True,65,464,108,88
ros2/mimick_vendor,68,0,True,2020-07,2026-01,Organization,True,True,False,True,15,73,2,18
ros2/orocos_kdl_vendor,50,0,True,2022-01,2026-02,Organization,True,True,False,True,11,68,5,8
ros2/performance_test_fixture,60,1,False,2020-07,2025-07,Organization,True,True,False,True,10,47,10,5
ros2/pybind11_vendor,81,0,True,2019-06,2025-11,Organization,False,False,False,True,14,49,5,6
ros2/python_cmake_module,108,1,False,2016-02,2025-02,Organization,False,True,False,True,16,54,5,4
ros2/rcl,133,0,True,2015-02,2026-03,Organization,True,True,False,True,101,1167,153,188
ros2/rcl_interfaces,131,0,True,2015-04,2026-03,Organization,True,True,False,True,37,247,58,58
ros2/rcl_logging,89,0,True,2018-10,2026-03,Organization,True,True,False,True,28,153,28,41
ros2/rclc,133,0,True,2015-02,2026-03,Organization,True,True,False,True,25,392,145,56
ros2/rclcpp,140,0,True,2014-07,2026-03,Organization,True,True,False,True,203,1970,721,507
ros2/rclpy,124,0,True,2015-11,2026-03,Organization,True,True,False,True,116,1046,434,276
ros2/rcpputils,85,0,True,2019-02,2025-11,Organization,True,True,False,True,41,213,36,56
ros2/rcutils,109,0,True,2017-02,2026-03,Organization,True,True,False,True,66,524,70,117
ros2/realtime_support,129,0,True,2015-06,2026-02,Organization,False,False,False,True,33,235,74,34
ros2/rmw,140,0,True,2014-07,2026-03,Organization,True,True,False,True,46,513,113,78
ros2/rmw_connextdds,65,0,True,2020-10,2026-02,Organization,True,False,False,True,32,421,61,37
ros2/rmw_cyclonedds,92,0,True,2018-07,2026-03,Organization,True,True,False,True,56,466,166,108
ros2/rmw_dds_common,78,0,True,2019-09,2026-02,Organization,True,True,False,True,27,118,14,27
ros2/rmw_fastrtps,130,0,True,2015-05,2026-03,Organization,True,True,False,True,74,712,192,133
ros2/rmw_gurumdds,74,1,False,2019-06,2025-08,Organization,True,True,False,True,10,268,13,12
ros2/rmw_implementation,140,0,True,2014-07,2026-02,Organization,False,True,False,True,54,367,24,56
ros2/rmw_zenoh,68,0,True,2020-07,2026-03,Organization,True,True,False,True,42,422,431,77
ros2/ros1_bridge,129,0,True,2015-06,2025-12,Organization,True,True,False,True,49,333,606,354
ros2/ros2_tracing,82,0,True,2019-05,2026-03,Organization,True,True,False,True,30,1144,237,69
ros2/ros2cli,105,0,True,2017-06,2026-03,Organization,True,True,False,True,96,715,242,208
ros2/ros2cli_common_extensions,68,0,True,2020-07,2025-12,Organization,False,True,False,True,15,29,2,7
ros2/ros_testing,75,1,False,2019-04,2025-07,Organization,True,False,False,True,14,37,18,6
ros2/ros_workspace,91,1,False,2017-05,2024-12,Organization,False,False,False,True,8,48,9,7
ros2/rosbag2,96,0,True,2018-03,2026-03,Organization,True,True,False,True,130,947,395,300
ros2/rosbag2_bag_v2,89,1,False,2018-03,2025-08,Organization,True,True,False,True,12,111,46,5
ros2/rosidl,140,0,True,2014-07,2026-03,Organization,True,True,False,True,86,1009,103,149
ros2/rosidl_core,43,0,True,2022-08,2026-02,Organization,True,True,False,True,10,21,2,4
ros2/rosidl_dds,129,1,False,2014-07,2025-04,Organization,False,True,False,True,20,185,8,9
ros2/rosidl_defaults,140,0,True,2014-07,2026-02,Organization,False,True,False,True,30,538,2,13
ros2/rosidl_dynamic_typesupport,36,0,True,2023-03,2025-11,Organization,True,False,False,True,9,31,5,7
ros2/rosidl_dynamic_typesupport_fastrtps,36,0,True,2023-03,2025-11,Organization,True,False,False,True,8,27,2,3
ros2/rosidl_python,140,0,True,2014-07,2026-03,Organization,False,True,False,True,51,787,24,56
ros2/rosidl_runtime_py,84,0,True,2019-03,2026-01,Organization,False,True,False,True,23,76,9,18
ros2/rosidl_typesupport,140,0,True,2014-07,2026-02,Organization,True,True,False,True,43,654,18,41
ros2/rosidl_typesupport_fastrtps,130,0,True,2015-05,2026-01,Organization,False,True,False,True,47,424,5,35
ros2/rpyutils,70,0,True,2020-05,2025-09,Organization,True,True,False,True,12,39,1,6
ros2/rviz,205,0,True,2009-02,2026-03,Organization,True,False,False,True,205,2800,430,275
ros2/spdlog_vendor,69,1,False,2019-09,2025-06,Organization,True,True,False,True,14,65,4,11
ros2/sros2,111,0,True,2016-12,2026-02,Organization,True,True,False,True,33,365,106,53
ros2/test_interface_files,130,0,True,2015-05,2025-11,Organization,False,True,False,True,20,114,4,14
ros2/tinyxml2_vendor,99,0,True,2017-12,2026-01,Organization,True,False,False,True,20,48,3,12
ros2/tinyxml_vendor,73,1,False,2017-03,2023-04,Organization,True,True,False,True,12,37,3,12
ros2/tlsf,115,1,False,2015-12,2025-07,Organization,False,False,False,True,12,51,7,6
ros2/unique_identifier_msgs,80,1,False,2018-11,2025-07,Organization,True,True,False,True,15,49,8,15
ros2/variants,92,0,True,2018-07,2025-10,Organization,True,False,False,True,18,54,10,12
ros2/yaml_cpp_vendor,99,0,True,2017-12,2025-12,Organization,False,False,False,True,24,75,1,16
ros4hri/hri_actions_msgs,49,0,True,2022-02,2025-11,Organization,True,False,False,True,4,60,0,1
ros4hri/hri_face_body_matcher,35,0,True,2023-04,2025-10,Organization,True,True,False,True,3,47,0,0
ros4hri/hri_face_detect,53,0,True,2021-10,2025-09,Organization,True,True,False,True,4,161,9,7
ros4hri/hri_msgs,94,0,True,2018-05,2025-09,Organization,True,True,False,True,5,182,5,9
ros4hri/hri_privacy_msgs,9,1,False,2024-02,2024-11,Organization,True,False,False,True,1,13,0,0
ros4hri/hri_rviz,52,0,True,2021-11,2026-02,Organization,True,True,False,True,4,86,21,3
ros4hri/human_description,25,1,False,2022-01,2024-02,Organization,True,True,False,True,1,11,8,5
ros4hri/libhri,53,0,True,2021-10,2026-02,Organization,True,True,False,True,7,227,4,6
rst-tu-dortmund/control_box_rst,49,1,False,2020-02,2024-03,Organization,True,False,False,True,3,43,64,24
rt-net/crane_plus,66,0,True,2020-09,2026-02,Organization,True,False,False,True,4,70,59,9
rt-net/raspimouse2,90,0,True,2018-09,2026-02,Organization,True,False,False,True,7,62,57,12
rt-net/raspimouse_description,73,0,True,2020-02,2026-02,Organization,True,True,False,True,3,43,21,4
rt-net/raspimouse_ros2_examples,73,0,True,2020-02,2026-02,Organization,True,True,False,True,4,67,86,10
rt-net/raspimouse_sim,114,0,True,2016-09,2026-02,Organization,True,False,False,True,4,107,46,29
rt-net/raspimouse_slam_navigation_ros2,52,0,True,2021-11,2026-02,Organization,True,False,False,True,2,15,24,3
rt-net/rt_manipulators_cpp,46,1,False,2021-10,2025-08,Organization,True,True,False,True,2,35,17,7
rt-net/rt_usb_9axisimu_driver,126,0,True,2015-09,2026-02,Organization,True,False,False,True,6,63,55,24
rudislabs/actuator_msgs,1,1,False,2023-04,2023-04,Organization,True,False,False,True,1,2,1,1
samsung-ros/ament_download,42,1,False,2019-10,2023-04,Organization,True,False,False,True,1,8,2,1
septentrio-gnss/septentrio_gnss_driver,67,0,True,2020-08,2026-03,Organization,True,False,False,True,10,1250,118,56
signetlabdei/rmw_desert,20,0,True,2024-07,2026-01,Organization,True,False,False,True,2,89,11,1
sloretz/rcl_logging_rcutils,5,1,False,2022-06,2022-11,User,True,False,False,True,1,1,1,0
snt-arg/lidar_situational_graphs,91,1,False,2018-01,2025-08,Organization,True,False,False,True,19,1352,305,34
snt-arg/situational_graphs_datasets,11,1,False,2023-07,2024-06,Organization,True,False,False,True,2,27,0,0
snt-arg/situational_graphs_msgs,5,1,False,2024-04,2024-09,Organization,True,False,False,True,2,11,0,1
snt-arg/situational_graphs_reasoning,15,1,False,2023-05,2024-08,Organization,True,False,False,True,3,68,2,1
snt-arg/situational_graphs_reasoning_msgs,18,1,False,2022-12,2024-06,Organization,True,False,False,True,4,26,0,0
snt-arg/situational_graphs_wrapper,11,1,False,2023-07,2024-06,Organization,True,False,False,True,2,19,0,0
snt-arg/unitree_ros,28,1,False,2023-03,2025-07,Organization,True,False,False,True,3,265,54,9
splintered-reality/py_trees,128,0,True,2015-07,2026-02,Organization,True,True,False,False,29,1427,574,182
splintered-reality/py_trees_js,81,0,True,2019-06,2025-11,Organization,True,False,False,False,2,130,20,3
splintered-reality/py_trees_ros,128,0,True,2015-07,2026-02,Organization,True,False,False,False,15,1244,213,45
splintered-reality/py_trees_ros_interfaces,85,0,True,2019-02,2025-11,Organization,True,False,False,False,2,48,0,3
splintered-reality/py_trees_ros_tutorials,85,0,True,2019-02,2025-11,Organization,True,False,False,False,2,87,16,8
splintered-reality/py_trees_ros_viewer,79,0,True,2019-08,2025-10,Organization,True,False,False,False,3,48,47,12
stack-of-tasks/eigenpy,140,0,True,2014-07,2026-03,Organization,True,False,False,False,28,2233,202,50
stack-of-tasks/eiquadprog,78,0,True,2019-09,2026-01,Organization,True,False,False,True,11,273,52,28
stack-of-tasks/pinocchio,139,0,True,2014-08,2026-03,Organization,True,False,False,False,72,9965,3126,501
stack-of-tasks/tsid,109,0,True,2017-02,2026-03,Organization,True,False,False,False,34,799,307,94
stereolabs/zed-ros2-interfaces,51,0,True,2021-12,2026-03,Organization,True,True,False,False,2,104,16,24
stevenlovegrove/Pangolin,184,0,True,2010-11,2026-03,User,True,False,False,False,70,2169,2685,899
stonier/ecl_core,149,1,False,2012-11,2025-04,User,True,False,False,False,9,390,88,75
stonier/ecl_lite,149,1,False,2012-11,2025-04,User,True,False,False,False,7,128,8,28
stonier/ecl_tools,137,1,False,2012-11,2024-04,User,True,False,False,False,3,84,1,16
suchetanrs/roadmap-explorer,10,0,True,2025-05,2025-10,User,True,False,False,True,1,74,44,6
swri-robotics/mapviz,135,0,True,2014-12,2026-01,Organization,True,False,False,False,32,896,473,158
swri-robotics/marti_common,135,0,True,2014-12,2026-01,Organization,True,False,False,False,28,725,54,71
swri-robotics/marti_messages,120,1,False,2014-12,2024-12,Organization,True,False,False,False,8,188,7,22
swri-robotics/novatel_gps_driver,123,1,False,2015-05,2025-08,Organization,True,False,False,False,21,220,176,138
swri-robotics/swri_console,126,0,True,2015-09,2026-02,Organization,True,False,False,False,12,160,56,23
synapticon/synapticon_ros2_control,15,0,True,2024-12,2026-02,Organization,True,False,False,True,5,199,8,11
teamspatzenhirn/rig_reconfigure,29,1,False,2022-12,2025-05,Organization,True,False,False,True,5,121,99,9
teamspatzenhirn/rviz_2d_overlay_plugins,43,0,True,2022-08,2025-11,Organization,True,False,False,True,6,75,73,20
tecgihan/tecgihan_driver,9,0,True,2025-06,2025-09,Organization,True,False,False,True,4,28,1,4
tesseract-robotics/boost_plugin_loader,45,0,True,2022-06,2025-11,Organization,True,False,False,True,4,75,4,8
tier4/caret_analyze,58,0,True,2021-05,2026-02,Organization,True,True,False,True,25,752,6,23
tier4/caret_analyze_cpp_impl,58,0,True,2021-05,2026-01,Organization,True,True,False,True,16,299,1,9
tier4/caret_trace,56,0,True,2021-07,2026-02,Organization,True,True,False,True,16,321,8,11
tier4/cudnn_cmake_module,1,1,False,2022-01,2022-01,Organization,True,True,False,True,0,4,2,2
tier4/hash_library_vendor,18,1,False,2021-08,2023-02,Organization,True,True,False,True,4,10,3,0
tier4/heaphook,26,1,False,2023-01,2025-03,Organization,True,False,False,True,4,40,25,5
tier4/nebula,51,0,True,2021-12,2026-03,Organization,True,False,False,True,38,295,100,86
tier4/osqp_vendor,65,0,True,2020-10,2026-01,Organization,True,True,False,True,4,21,5,7
tier4/ros2caret,58,0,True,2021-05,2026-01,Organization,True,True,False,True,17,275,4,10
tier4/sync_tooling_msgs,14,0,True,2025-01,2026-02,Organization,True,False,False,True,1,63,1,0
tier4/tensorrt_cmake_module,50,0,True,2022-01,2026-03,Organization,True,True,False,True,1,14,2,6
tilk/rtcm_msgs,67,1,False,2017-04,2022-11,User,False,False,False,False,3,17,11,23
trimble-oss/trimble_driver_ros,8,1,False,2024-11,2025-07,Organization,True,True,False,True,2,15,5,1
tu-darmstadt-ros-pkg/hector_rviz_overlay,55,0,True,2021-08,2026-01,Organization,True,False,False,True,1,28,16,4
turtlebot/turtlebot4,49,0,True,2022-02,2026-03,Organization,True,False,False,True,10,149,142,68
turtlebot/turtlebot4_desktop,32,1,False,2022-02,2024-10,Organization,True,False,False,True,4,36,7,9
turtlebot/turtlebot4_robot,49,0,True,2022-02,2025-09,Organization,True,False,False,True,7,131,35,25
turtlebot/turtlebot4_setup,41,1,False,2022-02,2025-07,Organization,True,True,False,True,4,68,31,5
turtlebot/turtlebot4_simulator,49,0,True,2022-02,2026-01,Organization,True,False,False,True,7,101,98,58
turtlebot/turtlebot4_tutorials,29,1,False,2022-05,2024-10,Organization,True,False,False,True,4,42,8,6
tuw-robotics/marker_msgs,79,1,False,2016-06,2023-01,Organization,True,False,False,False,2,36,2,8
tuw-robotics/tuw_geometry,109,1,False,2016-05,2025-06,Organization,True,False,False,False,6,158,7,11
tuw-robotics/tuw_msgs,106,1,False,2016-07,2025-05,Organization,True,False,False,False,14,289,6,11
tuw-robotics/tuw_robotics,16,0,True,2024-11,2025-09,Organization,True,False,False,True,3,23,1,0
ubuntu-robotics/ament_nodl,9,1,False,2020-01,2020-10,Organization,True,False,False,True,1,6,0,1
ubuntu-robotics/nodl,66,1,False,2020-01,2025-07,Organization,True,False,False,True,7,107,10,10
uleroboticsgroup/yasmin,55,0,True,2021-08,2026-01,Organization,True,False,False,True,22,576,240,44
umdlife/psdk_ros2,37,0,True,2023-02,2026-02,Organization,True,False,False,True,12,592,120,29
unisa-acg/inverse-dynamics-solver,11,0,True,2025-04,2026-02,Organization,True,False,False,True,3,55,28,3
uos/lvr2,214,0,True,2008-05,2026-02,Organization,True,False,False,True,58,8501,151,21
uwgraphics/mini_tof,16,0,True,2024-11,2025-11,Organization,True,False,False,True,2,31,4,2
uwgraphics/mini_tof_interfaces,4,1,False,2024-11,2025-03,Organization,True,False,False,True,1,11,1,0
vooon/ntpd_driver,141,0,True,2014-06,2026-02,User,True,True,False,False,2,68,18,7
vtalpaert/ardrone-ros2,16,0,True,2024-11,2026-01,User,True,False,False,True,2,45,1,1
vtalpaert/ros2-phone-sensors,16,0,True,2024-11,2025-12,User,True,False,False,True,1,50,4,0
wep21/aws_sdk_cpp_vendor,1,1,False,2023-08,2023-09,User,True,True,False,True,1,14,1,0
wep21/bag2_to_image,31,1,False,2022-07,2025-02,User,True,True,False,True,1,12,1,0
wep21/tinyspline_vendor,14,1,False,2023-03,2024-05,User,True,True,False,True,1,8,0,0
wep21/turbojpeg_compressed_image_transport,30,1,False,2022-11,2025-05,User,False,True,False,True,2,16,2,1
whill-labs/ros2_whill,69,0,True,2020-06,2025-11,Organization,True,False,False,True,2,20,28,20
whill-labs/ros2_whill_interfaces,7,1,False,2024-05,2024-12,Organization,True,False,False,True,1,6,3,2
yaswhar/yashar_turtle_chase,4,1,False,2025-04,2025-08,User,True,False,False,True,1,10,0,0
yukkysaito/multiple_topic_monitor,15,1,False,2024-04,2025-07,User,True,False,False,True,1,14,7,0
zengxiaolei/homing_local_planner,18,1,False,2023-11,2025-05,User,True,False,False,True,1,4,41,14
